timestamp, power.draw [W], power.draw.instant [W], clocks.current.sm [MHz], clocks.current.memory [MHz], utilization.gpu [%], utilization.memory [%], memory.used [MiB], memory.reserved [MiB], temperature.gpu, pstate, clocks_event_reasons.active
2026/09/02 01:10:15.080, 38.13, 38.12, 210, 405, 2, 3, 535, 455, 54, P8, 0x0000000000000001
2026/09/02 01:10:15.587, 38.12, 38.08, 210, 405, 4, 4, 535, 455, 54, P8, 0x0000000000000001
2026/09/02 01:10:16.087, 38.03, 38.02, 210, 405, 4, 4, 535, 455, 54, P8, 0x0000000000000001
2026/09/02 01:10:16.587, 38.08, 38.23, 210, 405, 4, 4, 535, 455, 54, P8, 0x0000000000000001
2026/09/02 01:10:17.087, 38.11, 38.00, 210, 405, 4, 4, 535, 455, 54, P8, 0x0000000000000001
2026/09/02 01:10:17.588, 38.18, 38.00, 210, 405, 2, 3, 535, 455, 54, P8, 0x0000000000000001
2026/09/02 01:10:18.088, 38.22, 38.13, 210, 405, 2, 3, 535, 455, 54, P8, 0x0000000000000001
2026/09/02 01:10:18.588, 38.14, 37.80, 210, 405, 2, 3, 535, 455, 54, P8, 0x0000000000000001
2026/09/02 01:10:19.088, 38.12, 38.13, 210, 405, 2, 3, 535, 455, 54, P8, 0x0000000000000001
2026/09/02 01:10:19.588, 38.01, 37.80, 210, 405, 2, 3, 535, 455, 54, P8, 0x0000000000000001
2026/09/02 01:10:20.089, 37.91, 37.83, 210, 405, 2, 3, 535, 455, 54, P8, 0x0000000000000001
2026/09/02 01:10:20.589, 37.88, 38.09, 210, 405, 4, 4, 535, 455, 54, P8, 0x0000000000000001
2026/09/02 01:10:21.089, 37.91, 37.85, 210, 405, 4, 4, 535, 455, 54, P8, 0x0000000000000001
2026/09/02 01:10:21.589, 37.97, 37.83, 210, 405, 2, 3, 535, 455, 54, P8, 0x0000000000000001
2026/09/02 01:10:22.089, 37.96, 37.64, 210, 405, 2, 3, 535, 455, 54, P8, 0x0000000000000001
2026/09/02 01:10:22.589, 37.94, 38.22, 210, 405, 4, 4, 535, 455, 54, P8, 0x0000000000000001
2026/09/02 01:10:23.090, 38.03, 37.76, 210, 405, 4, 4, 535, 455, 54, P8, 0x0000000000000001
2026/09/02 01:10:23.590, 38.10, 38.22, 210, 405, 4, 4, 535, 455, 54, P8, 0x0000000000000001
2026/09/02 01:10:24.090, 37.97, 37.90, 210, 405, 4, 4, 535, 455, 54, P8, 0x0000000000000001
2026/09/02 01:10:24.590, 37.97, 37.79, 210, 405, 2, 3, 535, 455, 54, P8, 0x0000000000000001
2026/09/02 01:10:25.090, 37.97, 37.96, 210, 405, 2, 3, 535, 455, 54, P8, 0x0000000000000001
2026/09/02 01:10:25.591, 37.99, 38.15, 210, 405, 4, 4, 535, 455, 55, P8, 0x0000000000000001
2026/09/02 01:10:26.091, 38.05, 38.34, 210, 405, 4, 4, 535, 455, 54, P8, 0x0000000000000001
2026/09/02 01:10:26.591, 38.09, 37.96, 210, 405, 3, 4, 535, 455, 54, P8, 0x0000000000000001
2026/09/02 01:10:27.091, 38.13, 38.39, 210, 405, 3, 4, 535, 455, 55, P8, 0x0000000000000001
2026/09/02 01:10:27.591, 37.97, 37.73, 210, 405, 0, 2, 535, 455, 54, P8, 0x0000000000000001
2026/09/02 01:10:28.092, 37.88, 37.71, 210, 405, 0, 2, 535, 455, 54, P8, 0x0000000000000001
2026/09/02 01:10:28.592, 37.91, 38.62, 210, 405, 0, 2, 538, 455, 55, P8, 0x0000000000000001
2026/09/02 01:10:29.105, 61.79, 120.22, 1725, 9501, 0, 2, 799, 455, 58, P2, 0x0000000000000000
2026/09/02 01:10:29.605, 99.73, 120.39, 1725, 9501, 0, 0, 799, 455, 58, P2, 0x0000000000000000
2026/09/02 01:10:30.105, 120.85, 120.63, 1725, 9501, 0, 0, 799, 455, 59, P2, 0x0000000000000000
2026/09/02 01:10:30.605, 120.67, 121.05, 1725, 9501, 1, 0, 798, 455, 59, P2, 0x0000000000000000
2026/09/02 01:10:31.106, 120.85, 120.70, 1725, 9501, 1, 0, 798, 455, 59, P2, 0x0000000000000000
2026/09/02 01:10:31.606, 120.90, 120.83, 1725, 9501, 0, 0, 798, 455, 59, P2, 0x0000000000000000
2026/09/02 01:10:32.107, 120.99, 120.96, 1725, 9501, 0, 0, 798, 455, 59, P2, 0x0000000000000000
2026/09/02 01:10:32.607, 121.06, 121.11, 1725, 9501, 0, 0, 798, 455, 59, P2, 0x0000000000000000
2026/09/02 01:10:33.107, 121.14, 120.99, 1725, 9501, 0, 0, 798, 455, 59, P2, 0x0000000000000000
2026/09/02 01:10:33.609, 121.37, 121.43, 1725, 9501, 1, 0, 798, 455, 59, P2, 0x0000000000000000
2026/09/02 01:10:34.109, 121.32, 121.21, 1725, 9501, 1, 0, 798, 455, 60, P2, 0x0000000000000000
2026/09/02 01:10:34.610, 121.35, 121.70, 1725, 9501, 1, 0, 798, 455, 60, P2, 0x0000000000000000
2026/09/02 01:10:35.111, 121.46, 121.25, 1725, 9501, 1, 0, 798, 455, 60, P2, 0x0000000000000000
2026/09/02 01:10:35.611, 121.62, 121.67, 1725, 9501, 0, 0, 798, 455, 60, P2, 0x0000000000000000
2026/09/02 01:10:36.111, 121.59, 121.50, 1725, 9501, 0, 0, 798, 455, 60, P2, 0x0000000000000000
2026/09/02 01:10:36.611, 121.64, 121.92, 1725, 9501, 1, 0, 798, 455, 60, P2, 0x0000000000000000
2026/09/02 01:10:37.111, 121.66, 121.51, 1725, 9501, 1, 0, 798, 455, 60, P2, 0x0000000000000000
2026/09/02 01:10:37.611, 121.66, 121.62, 1725, 9501, 0, 0, 798, 455, 60, P2, 0x0000000000000000
2026/09/02 01:10:38.112, 121.82, 122.45, 1725, 9501, 0, 0, 798, 455, 60, P2, 0x0000000000000000
2026/09/02 01:10:38.614, 121.87, 121.65, 1725, 9501, 0, 0, 798, 455, 60, P2, 0x0000000000000000
2026/09/02 01:10:39.115, 121.89, 122.13, 1725, 9501, 0, 0, 798, 455, 60, P2, 0x0000000000000000
2026/09/02 01:10:39.615, 121.83, 121.95, 1725, 9501, 0, 0, 798, 455, 60, P2, 0x0000000000000000
2026/09/02 01:10:40.115, 121.89, 121.97, 1725, 9501, 0, 0, 798, 455, 61, P2, 0x0000000000000000
2026/09/02 01:10:40.615, 121.96, 122.02, 1725, 9501, 0, 0, 798, 455, 61, P2, 0x0000000000000000
2026/09/02 01:10:41.115, 122.02, 121.96, 1725, 9501, 0, 0, 798, 455, 61, P2, 0x0000000000000000
2026/09/02 01:10:41.615, 122.12, 122.16, 1725, 9501, 0, 0, 798, 455, 61, P2, 0x0000000000000000
2026/09/02 01:10:42.116, 122.15, 122.06, 1725, 9501, 0, 0, 798, 455, 61, P2, 0x0000000000000000
2026/09/02 01:10:42.616, 122.15, 122.33, 1725, 9501, 1, 0, 798, 455, 61, P2, 0x0000000000000000
2026/09/02 01:10:43.116, 122.18, 122.30, 1725, 9501, 1, 0, 798, 455, 61, P2, 0x0000000000000000
2026/09/02 01:10:43.616, 122.16, 121.90, 1725, 9501, 0, 0, 798, 455, 61, P2, 0x0000000000000000
2026/09/02 01:10:44.118, 122.00, 121.84, 1725, 9501, 0, 0, 798, 455, 61, P2, 0x0000000000000000
2026/09/02 01:10:44.618, 121.85, 121.96, 1725, 9501, 0, 0, 798, 455, 61, P2, 0x0000000000000000
2026/09/02 01:10:45.118, 121.82, 121.83, 1725, 9501, 0, 0, 798, 455, 61, P2, 0x0000000000000000
2026/09/02 01:10:45.618, 122.01, 122.00, 1725, 9501, 0, 0, 798, 455, 61, P2, 0x0000000000000000
2026/09/02 01:10:46.118, 122.19, 122.32, 1725, 9501, 0, 0, 798, 455, 61, P2, 0x0000000000000000
2026/09/02 01:10:46.619, 95.39, 46.60, 315, 810, 1, 1, 798, 455, 59, P5, 0x0000000000000001
2026/09/02 01:10:47.119, 60.74, 44.82, 240, 810, 1, 1, 798, 455, 58, P5, 0x0000000000000001
2026/09/02 01:10:47.619, 45.10, 40.46, 210, 405, 2, 3, 798, 455, 58, P8, 0x0000000000000001
2026/09/02 01:10:48.119, 42.00, 39.72, 210, 405, 2, 3, 798, 455, 58, P8, 0x0000000000000001
2026/09/02 01:10:48.619, 39.60, 39.34, 210, 405, 0, 2, 798, 455, 58, P8, 0x0000000000000001
2026/09/02 01:10:49.120, 39.51, 39.60, 210, 405, 0, 2, 798, 455, 58, P8, 0x0000000000000001
2026/09/02 01:10:49.620, 39.51, 39.43, 210, 405, 0, 2, 798, 455, 58, P8, 0x0000000000000001
2026/09/02 01:10:50.120, 39.56, 39.74, 210, 405, 0, 2, 798, 455, 58, P8, 0x0000000000000001
2026/09/02 01:10:50.621, 39.47, 39.29, 210, 405, 0, 2, 798, 455, 58, P8, 0x0000000000000001
2026/09/02 01:10:51.121, 39.44, 39.29, 210, 405, 0, 2, 798, 455, 58, P8, 0x0000000000000001
2026/09/02 01:10:51.621, 39.35, 39.67, 210, 405, 3, 4, 798, 455, 58, P8, 0x0000000000000001
2026/09/02 01:10:52.121, 39.38, 39.45, 210, 405, 3, 4, 798, 455, 58, P8, 0x0000000000000001
2026/09/02 01:10:52.621, 39.56, 39.81, 210, 405, 3, 4, 798, 455, 58, P8, 0x0000000000000001
2026/09/02 01:10:53.123, 56.69, 121.60, 1725, 9501, 3, 4, 8844, 455, 60, P2, 0x0000000000000000
2026/09/02 01:10:53.623, 94.15, 122.13, 1725, 9501, 4, 0, 8844, 455, 61, P2, 0x0000000000000000
2026/09/02 01:10:54.123, 122.14, 122.43, 1725, 9501, 4, 0, 8844, 455, 61, P2, 0x0000000000000000
2026/09/02 01:10:54.623, 122.49, 123.25, 1725, 9501, 5, 0, 8844, 455, 62, P2, 0x0000000000000000
2026/09/02 01:10:55.124, 122.68, 122.57, 1725, 9501, 5, 0, 8844, 455, 62, P2, 0x0000000000000000
2026/09/02 01:10:55.624, 122.83, 122.88, 1725, 9501, 4, 0, 8844, 455, 62, P2, 0x0000000000000000
2026/09/02 01:10:56.124, 122.83, 122.83, 1725, 9501, 4, 0, 8844, 455, 62, P2, 0x0000000000000000
2026/09/02 01:10:56.625, 122.93, 123.18, 1725, 9501, 4, 0, 8844, 455, 62, P2, 0x0000000000000000
2026/09/02 01:10:57.125, 123.14, 123.23, 1725, 9501, 4, 0, 8844, 455, 62, P2, 0x0000000000000000
2026/09/02 01:10:57.625, 123.34, 123.88, 1725, 9501, 5, 0, 8844, 455, 62, P2, 0x0000000000000000
2026/09/02 01:10:58.125, 123.46, 123.24, 1725, 9501, 5, 0, 8844, 455, 62, P2, 0x0000000000000000
2026/09/02 01:10:58.626, 123.40, 123.10, 1725, 9501, 4, 0, 8844, 455, 62, P2, 0x0000000000000000
2026/09/02 01:10:59.126, 123.18, 123.40, 1725, 9501, 4, 0, 8844, 455, 62, P2, 0x0000000000000000
2026/09/02 01:10:59.626, 123.27, 123.20, 1725, 9501, 4, 0, 8844, 455, 63, P2, 0x0000000000000000
2026/09/02 01:11:00.126, 123.42, 123.32, 1725, 9501, 4, 0, 8844, 455, 63, P2, 0x0000000000000000
2026/09/02 01:11:00.627, 123.45, 123.42, 1725, 9501, 4, 0, 8844, 455, 63, P2, 0x0000000000000000
2026/09/02 01:11:01.127, 123.58, 123.89, 1725, 9501, 4, 0, 8844, 455, 63, P2, 0x0000000000000000
2026/09/02 01:11:01.627, 124.62, 128.38, 1725, 9501, 60, 1, 8844, 455, 63, P2, 0x0000000000000000
2026/09/02 01:11:02.127, 144.29, 233.14, 1950, 9501, 60, 1, 10082, 455, 65, P2, 0x0000000000000004
2026/09/02 01:11:02.627, 169.80, 297.23, 1860, 9501, 64, 53, 10086, 455, 68, P2, 0x0000000000000004
2026/09/02 01:11:03.128, 262.55, 355.79, 1785, 9501, 64, 53, 10086, 455, 72, P2, 0x0000000000000004
2026/09/02 01:11:03.628, 343.77, 350.27, 1755, 9501, 98, 100, 10086, 455, 73, P2, 0x0000000000000004
2026/09/02 01:11:04.128, 347.77, 351.37, 1770, 9501, 98, 100, 10086, 455, 73, P2, 0x0000000000000004
2026/09/02 01:11:04.628, 346.37, 355.92, 1785, 9501, 97, 100, 10086, 455, 74, P2, 0x0000000000000004
2026/09/02 01:11:05.128, 344.22, 353.14, 1785, 9501, 97, 100, 10086, 455, 74, P2, 0x0000000000000004
2026/09/02 01:11:05.628, 348.36, 355.21, 1770, 9501, 98, 100, 10086, 455, 74, P2, 0x0000000000000004
2026/09/02 01:11:06.128, 349.24, 346.27, 1755, 9501, 98, 100, 10086, 455, 74, P2, 0x0000000000000004
2026/09/02 01:11:06.629, 347.85, 363.68, 1770, 9501, 98, 100, 10086, 455, 74, P2, 0x0000000000000004
2026/09/02 01:11:07.129, 348.59, 345.85, 1740, 9501, 98, 100, 10086, 455, 74, P2, 0x0000000000000004
2026/09/02 01:11:07.629, 348.74, 346.51, 1755, 9501, 98, 100, 10086, 455, 74, P2, 0x0000000000000004
2026/09/02 01:11:08.129, 348.80, 350.98, 1755, 9501, 98, 100, 10086, 455, 75, P2, 0x0000000000000004
2026/09/02 01:11:08.629, 348.58, 351.46, 1755, 9501, 97, 100, 10086, 455, 75, P2, 0x0000000000000004
2026/09/02 01:11:09.129, 348.22, 351.65, 1755, 9501, 97, 100, 10086, 455, 75, P2, 0x0000000000000004
2026/09/02 01:11:09.629, 348.92, 341.98, 1770, 9501, 93, 96, 10086, 455, 75, P2, 0x0000000000000004
2026/09/02 01:11:10.130, 349.13, 348.72, 1755, 9501, 93, 96, 10086, 455, 75, P2, 0x0000000000000004
2026/09/02 01:11:10.630, 347.92, 340.37, 1725, 9501, 98, 100, 10086, 455, 75, P2, 0x0000000000000004
2026/09/02 01:11:11.130, 343.40, 304.37, 1905, 9501, 98, 100, 10086, 455, 73, P2, 0x0000000000000004
2026/09/02 01:11:11.630, 336.34, 352.69, 1800, 9501, 91, 95, 10086, 455, 76, P2, 0x0000000000000004
2026/09/02 01:11:12.130, 336.98, 329.49, 1755, 9501, 91, 95, 10086, 455, 75, P2, 0x0000000000000004
2026/09/02 01:11:12.631, 348.28, 350.30, 1785, 9501, 91, 94, 10086, 455, 76, P2, 0x0000000000000004
2026/09/02 01:11:13.131, 346.22, 337.36, 1770, 9501, 91, 94, 10086, 455, 76, P2, 0x0000000000000004
2026/09/02 01:11:13.631, 347.71, 341.66, 1800, 9501, 85, 88, 10086, 455, 76, P2, 0x0000000000000004
2026/09/02 01:11:14.131, 347.24, 340.97, 1785, 9501, 85, 88, 10086, 455, 76, P2, 0x0000000000000004
2026/09/02 01:11:14.631, 347.58, 355.96, 1800, 9501, 90, 93, 10086, 455, 76, P2, 0x0000000000000004
2026/09/02 01:11:15.131, 347.80, 344.16, 1800, 9501, 90, 93, 10086, 455, 76, P2, 0x0000000000000004
2026/09/02 01:11:15.632, 347.92, 331.51, 1800, 9501, 86, 89, 10086, 455, 76, P2, 0x0000000000000004
2026/09/02 01:11:16.132, 347.68, 350.30, 1800, 9501, 86, 89, 10086, 455, 77, P2, 0x0000000000000004
2026/09/02 01:11:16.632, 348.04, 345.08, 1785, 9501, 90, 94, 10086, 455, 76, P2, 0x0000000000000004
2026/09/02 01:11:17.132, 349.06, 360.24, 1755, 9501, 90, 94, 10086, 455, 77, P2, 0x0000000000000004
2026/09/02 01:11:17.632, 348.36, 344.61, 1770, 9501, 92, 95, 10086, 455, 76, P2, 0x0000000000000004
2026/09/02 01:11:18.133, 348.38, 349.21, 1785, 9501, 92, 95, 10086, 455, 77, P2, 0x0000000000000004
2026/09/02 01:11:18.633, 348.22, 347.15, 1770, 9501, 92, 94, 10086, 455, 77, P2, 0x0000000000000004
2026/09/02 01:11:19.133, 348.88, 351.80, 1785, 9501, 92, 94, 10086, 455, 77, P2, 0x0000000000000004
2026/09/02 01:11:19.633, 348.61, 346.83, 1770, 9501, 93, 96, 10086, 455, 77, P2, 0x0000000000000004
2026/09/02 01:11:20.133, 349.23, 350.89, 1785, 9501, 93, 96, 10086, 455, 77, P2, 0x0000000000000004
2026/09/02 01:11:20.633, 340.21, 355.87, 1755, 9501, 98, 100, 10086, 455, 77, P2, 0x0000000000000004
2026/09/02 01:11:21.134, 342.37, 343.73, 1590, 9501, 98, 100, 10086, 455, 76, P2, 0x0000000000000004
2026/09/02 01:11:21.634, 347.71, 354.05, 1755, 9501, 98, 100, 10086, 455, 77, P2, 0x0000000000000004
2026/09/02 01:11:22.134, 346.88, 341.59, 1680, 9501, 98, 100, 10086, 455, 77, P2, 0x0000000000000004
2026/09/02 01:11:22.634, 349.17, 354.12, 1740, 9501, 98, 100, 10086, 455, 77, P2, 0x0000000000000004
2026/09/02 01:11:23.134, 348.01, 345.63, 1695, 9501, 98, 100, 10086, 455, 77, P2, 0x0000000000000004
2026/09/02 01:11:23.635, 349.46, 353.39, 1740, 9501, 97, 100, 10086, 455, 77, P2, 0x0000000000000004
2026/09/02 01:11:24.135, 348.57, 345.31, 1695, 9501, 97, 100, 10086, 455, 77, P2, 0x0000000000000004
2026/09/02 01:11:24.635, 349.60, 351.60, 1740, 9501, 98, 100, 10086, 455, 77, P2, 0x0000000000000004
2026/09/02 01:11:25.135, 348.42, 344.05, 1710, 9501, 98, 100, 10086, 455, 77, P2, 0x0000000000000004
2026/09/02 01:11:25.635, 349.54, 353.51, 1740, 9501, 97, 100, 10086, 455, 78, P2, 0x0000000000000004
2026/09/02 01:11:26.135, 348.43, 348.39, 1725, 9501, 97, 100, 10086, 455, 78, P2, 0x0000000000000004
2026/09/02 01:11:26.636, 349.49, 354.20, 1740, 9501, 97, 100, 10086, 455, 78, P2, 0x0000000000000004
2026/09/02 01:11:27.136, 349.21, 351.12, 1710, 9501, 97, 100, 10086, 455, 78, P2, 0x0000000000000004
2026/09/02 01:11:27.636, 349.53, 354.68, 1740, 9501, 98, 100, 10086, 455, 78, P2, 0x0000000000000004
2026/09/02 01:11:28.136, 349.02, 350.45, 1725, 9501, 98, 100, 10086, 455, 78, P2, 0x0000000000000004
2026/09/02 01:11:28.636, 343.59, 289.48, 1890, 9501, 67, 66, 10086, 455, 76, P2, 0x0000000000000004
2026/09/02 01:11:29.137, 345.55, 352.26, 1770, 9501, 67, 66, 10086, 455, 78, P2, 0x0000000000000004
2026/09/02 01:11:29.637, 345.14, 324.97, 1770, 9501, 91, 94, 10086, 455, 77, P2, 0x0000000000000004
2026/09/02 01:11:30.137, 348.37, 351.08, 1785, 9501, 91, 94, 10086, 455, 78, P2, 0x0000000000000004
2026/09/02 01:11:30.637, 347.05, 343.65, 1755, 9501, 89, 92, 10086, 455, 78, P2, 0x0000000000000004
2026/09/02 01:11:31.137, 349.05, 349.89, 1785, 9501, 89, 92, 10086, 455, 78, P2, 0x0000000000000004
2026/09/02 01:11:31.638, 348.62, 351.03, 1755, 9501, 90, 94, 10086, 455, 78, P2, 0x0000000000000004
2026/09/02 01:11:32.138, 349.06, 349.95, 1770, 9501, 90, 94, 10086, 455, 78, P2, 0x0000000000000004
2026/09/02 01:11:32.638, 348.96, 343.87, 1770, 9501, 90, 93, 10086, 455, 78, P2, 0x0000000000000004
2026/09/02 01:11:33.138, 348.49, 345.85, 1770, 9501, 90, 93, 10086, 455, 78, P2, 0x0000000000000004
2026/09/02 01:11:33.638, 348.42, 346.50, 1770, 9501, 91, 94, 10086, 455, 79, P2, 0x0000000000000004
2026/09/02 01:11:34.139, 348.55, 346.17, 1770, 9501, 91, 94, 10086, 455, 79, P2, 0x0000000000000004
2026/09/02 01:11:34.639, 348.59, 345.99, 1755, 9501, 93, 96, 10086, 455, 78, P2, 0x0000000000000004
2026/09/02 01:11:35.139, 348.66, 348.96, 1755, 9501, 93, 96, 10086, 455, 79, P2, 0x0000000000000004
2026/09/02 01:11:35.640, 348.69, 346.94, 1755, 9501, 92, 95, 10086, 455, 79, P2, 0x0000000000000004
2026/09/02 01:11:36.140, 349.12, 349.60, 1755, 9501, 92, 95, 10086, 455, 79, P2, 0x0000000000000004
2026/09/02 01:11:36.640, 348.56, 349.32, 1755, 9501, 93, 97, 10086, 455, 79, P2, 0x0000000000000004
2026/09/02 01:11:37.140, 348.59, 345.88, 1770, 9501, 93, 97, 10086, 455, 79, P2, 0x0000000000000004
2026/09/02 01:11:37.640, 336.04, 207.65, 1890, 9501, 29, 23, 10086, 455, 77, P2, 0x0000000000000004
2026/09/02 01:11:38.140, 341.27, 355.39, 1740, 9501, 29, 23, 10086, 455, 79, P2, 0x0000000000000004
2026/09/02 01:11:38.640, 338.89, 319.83, 1695, 9501, 98, 100, 10086, 455, 78, P2, 0x0000000000000004
2026/09/02 01:11:39.141, 347.41, 353.07, 1740, 9501, 98, 100, 10086, 455, 79, P2, 0x0000000000000004
2026/09/02 01:11:39.641, 346.39, 332.94, 1710, 9501, 96, 99, 10086, 455, 79, P2, 0x0000000000000004
2026/09/02 01:11:40.141, 349.62, 356.41, 1740, 9501, 96, 99, 10086, 455, 79, P2, 0x0000000000000004
2026/09/02 01:11:40.641, 347.54, 338.50, 1710, 9501, 97, 99, 10086, 455, 79, P2, 0x0000000000000004
2026/09/02 01:11:41.141, 349.66, 352.36, 1740, 9501, 97, 99, 10086, 455, 79, P2, 0x0000000000000004
2026/09/02 01:11:41.641, 348.27, 339.54, 1695, 9501, 97, 100, 10086, 455, 79, P2, 0x0000000000000004
2026/09/02 01:11:42.141, 349.54, 352.91, 1740, 9501, 97, 100, 10086, 455, 79, P2, 0x0000000000000004
2026/09/02 01:11:42.642, 348.19, 339.26, 1710, 9501, 97, 99, 10086, 455, 79, P2, 0x0000000000000004
2026/09/02 01:11:43.142, 349.42, 353.10, 1740, 9501, 97, 99, 10086, 455, 79, P2, 0x0000000000000004
2026/09/02 01:11:43.642, 348.27, 343.48, 1725, 9501, 96, 99, 10086, 455, 79, P2, 0x0000000000000004
2026/09/02 01:11:44.142, 349.53, 352.65, 1740, 9501, 96, 99, 10086, 455, 79, P2, 0x0000000000000004
2026/09/02 01:11:44.642, 348.36, 341.62, 1725, 9501, 97, 98, 10086, 455, 79, P2, 0x0000000000000004
2026/09/02 01:11:45.142, 349.67, 351.57, 1725, 9501, 97, 98, 10086, 455, 79, P2, 0x0000000000000004
2026/09/02 01:11:45.642, 348.82, 346.34, 1710, 9501, 98, 100, 10086, 455, 79, P2, 0x0000000000000004
2026/09/02 01:11:46.143, 343.52, 287.41, 1800, 9501, 98, 100, 10086, 455, 79, P2, 0x0000000000000004
2026/09/02 01:11:46.643, 345.04, 345.08, 1770, 9501, 86, 88, 10086, 455, 80, P2, 0x0000000000000004
2026/09/02 01:11:47.143, 343.81, 345.43, 1770, 9501, 86, 88, 10086, 455, 79, P2, 0x0000000000000004
2026/09/02 01:11:47.643, 348.60, 352.41, 1755, 9501, 91, 94, 10086, 455, 80, P2, 0x0000000000000004
2026/09/02 01:11:48.143, 348.79, 347.14, 1770, 9501, 91, 94, 10086, 455, 80, P2, 0x0000000000000004
2026/09/02 01:11:48.643, 349.23, 349.08, 1755, 9501, 92, 95, 10086, 455, 80, P2, 0x0000000000000004
2026/09/02 01:11:49.143, 348.85, 347.12, 1740, 9501, 92, 95, 10086, 455, 79, P2, 0x0000000000000004
2026/09/02 01:11:49.643, 348.73, 349.04, 1770, 9501, 91, 93, 10086, 455, 80, P2, 0x0000000000000004
2026/09/02 01:11:50.144, 348.81, 345.61, 1755, 9501, 91, 93, 10086, 455, 79, P2, 0x0000000000000004
2026/09/02 01:11:50.644, 348.99, 348.60, 1755, 9501, 91, 94, 10086, 455, 79, P2, 0x0000000000000004
2026/09/02 01:11:51.144, 348.36, 345.43, 1755, 9501, 91, 94, 10086, 455, 79, P2, 0x0000000000000004
2026/09/02 01:11:51.644, 348.31, 358.42, 1755, 9501, 87, 91, 10086, 455, 80, P2, 0x0000000000000004
2026/09/02 01:11:52.144, 348.58, 346.76, 1755, 9501, 87, 91, 10086, 455, 79, P2, 0x0000000000000004
2026/09/02 01:11:52.644, 350.12, 353.88, 1755, 9501, 92, 95, 10086, 455, 79, P2, 0x0000000000000004
2026/09/02 01:11:53.144, 348.73, 349.26, 1740, 9501, 92, 95, 10086, 455, 79, P2, 0x0000000000000004
2026/09/02 01:11:53.645, 348.99, 352.75, 1770, 9501, 91, 94, 10086, 455, 79, P2, 0x0000000000000004
2026/09/02 01:11:54.145, 348.83, 346.86, 1755, 9501, 91, 94, 10086, 455, 79, P2, 0x0000000000000004
2026/09/02 01:11:54.645, 349.46, 354.39, 1755, 9501, 92, 95, 10086, 455, 79, P2, 0x0000000000000004
2026/09/02 01:11:55.145, 335.99, 238.55, 1815, 9501, 92, 95, 10086, 455, 79, P2, 0x0000000000000004
2026/09/02 01:11:55.646, 340.86, 357.91, 1725, 9501, 98, 100, 10086, 455, 79, P2, 0x0000000000000004
2026/09/02 01:11:56.146, 340.74, 335.51, 1710, 9501, 98, 100, 10086, 455, 79, P2, 0x0000000000000004
2026/09/02 01:11:56.646, 348.69, 356.10, 1725, 9501, 97, 100, 10086, 455, 79, P2, 0x0000000000000004
2026/09/02 01:11:57.146, 348.20, 340.17, 1710, 9501, 97, 100, 10086, 455, 79, P2, 0x0000000000000004
2026/09/02 01:11:57.646, 349.15, 352.17, 1725, 9501, 98, 100, 10086, 455, 79, P2, 0x0000000000000004
2026/09/02 01:11:58.146, 348.29, 343.51, 1710, 9501, 98, 100, 10086, 455, 79, P2, 0x0000000000000004
2026/09/02 01:11:58.647, 349.19, 350.24, 1710, 9501, 98, 100, 10086, 455, 79, P2, 0x0000000000000004
2026/09/02 01:11:59.147, 348.86, 347.75, 1710, 9501, 98, 100, 10086, 455, 79, P2, 0x0000000000000004
2026/09/02 01:11:59.647, 348.87, 349.14, 1725, 9501, 98, 100, 10086, 455, 79, P2, 0x0000000000000004
2026/09/02 01:12:00.147, 349.08, 346.09, 1710, 9501, 98, 100, 10086, 455, 79, P2, 0x0000000000000004
2026/09/02 01:12:00.647, 349.26, 351.59, 1725, 9501, 98, 100, 10086, 455, 79, P2, 0x0000000000000004
2026/09/02 01:12:01.148, 349.13, 350.37, 1710, 9501, 98, 100, 10086, 455, 79, P2, 0x0000000000000004
2026/09/02 01:12:01.648, 349.33, 349.45, 1710, 9501, 98, 100, 10086, 455, 78, P2, 0x0000000000000004
2026/09/02 01:12:02.148, 349.56, 351.70, 1710, 9501, 98, 100, 10086, 455, 79, P2, 0x0000000000000004
2026/09/02 01:12:02.648, 349.29, 347.30, 1710, 9501, 98, 100, 10086, 455, 78, P2, 0x0000000000000004
2026/09/02 01:12:03.148, 349.16, 351.04, 1725, 9501, 98, 100, 10086, 455, 78, P2, 0x0000000000000004
2026/09/02 01:12:03.648, 345.87, 359.82, 1770, 9501, 91, 94, 10086, 455, 79, P2, 0x0000000000000004
2026/09/02 01:12:04.148, 348.00, 353.94, 1770, 9501, 91, 94, 10086, 455, 79, P2, 0x0000000000000004
2026/09/02 01:12:04.649, 350.04, 352.29, 1770, 9501, 90, 93, 10086, 455, 78, P2, 0x0000000000000004
2026/09/02 01:12:05.149, 349.26, 352.13, 1770, 9501, 90, 93, 10086, 455, 79, P2, 0x0000000000000004
2026/09/02 01:12:05.649, 349.32, 349.26, 1770, 9501, 92, 95, 10086, 455, 78, P2, 0x0000000000000004
2026/09/02 01:12:06.149, 349.32, 353.41, 1755, 9501, 92, 95, 10086, 455, 79, P2, 0x0000000000000004
2026/09/02 01:12:06.649, 348.98, 349.09, 1785, 9501, 90, 93, 10086, 455, 78, P2, 0x0000000000000004
2026/09/02 01:12:07.150, 349.12, 352.10, 1725, 9501, 90, 93, 10086, 455, 78, P2, 0x0000000000000004
2026/09/02 01:12:07.650, 349.44, 350.47, 1770, 9501, 91, 94, 10086, 455, 78, P2, 0x0000000000000004
2026/09/02 01:12:08.150, 348.35, 351.14, 1755, 9501, 91, 94, 10086, 455, 78, P2, 0x0000000000000004
2026/09/02 01:12:08.650, 347.90, 356.33, 1755, 9501, 91, 94, 10086, 455, 78, P2, 0x0000000000000004
2026/09/02 01:12:09.150, 349.26, 353.60, 1740, 9501, 91, 94, 10086, 455, 78, P2, 0x0000000000000004
2026/09/02 01:12:09.650, 349.29, 344.16, 1755, 9501, 91, 93, 10086, 455, 78, P2, 0x0000000000000004
2026/09/02 01:12:10.151, 349.22, 350.59, 1740, 9501, 91, 93, 10086, 455, 78, P2, 0x0000000000000004
2026/09/02 01:12:10.651, 348.80, 347.64, 1755, 9501, 91, 94, 10086, 455, 78, P2, 0x0000000000000004
2026/09/02 01:12:11.151, 349.10, 353.11, 1740, 9501, 91, 94, 10086, 455, 78, P2, 0x0000000000000004
2026/09/02 01:12:11.651, 349.02, 348.57, 1755, 9501, 91, 93, 10086, 455, 78, P2, 0x0000000000000004
2026/09/02 01:12:12.151, 348.97, 354.46, 1755, 9501, 91, 93, 10086, 455, 78, P2, 0x0000000000000004
2026/09/02 01:12:12.651, 317.12, 186.14, 1920, 9501, 100, 7, 534, 455, 74, P2, 0x0000000000000004
2026/09/02 01:12:13.152, 236.42, 169.92, 1920, 9751, 100, 7, 798, 455, 72, P2, 0x0000000000000000
2026/09/02 01:12:13.652, 171.73, 164.05, 1935, 9501, 1, 0, 798, 455, 71, P2, 0x0000000000000000
2026/09/02 01:12:14.152, 166.20, 162.30, 1935, 9501, 1, 0, 798, 455, 71, P2, 0x0000000000000000
2026/09/02 01:12:14.652, 160.79, 138.67, 1725, 9501, 0, 0, 798, 455, 70, P2, 0x0000000000000000
2026/09/02 01:12:15.152, 147.87, 135.10, 1725, 9501, 0, 0, 798, 455, 69, P2, 0x0000000000000000
2026/09/02 01:12:15.653, 135.27, 134.45, 1725, 9501, 0, 0, 798, 455, 68, P2, 0x0000000000000000
2026/09/02 01:12:16.153, 134.53, 133.95, 1725, 9501, 0, 0, 798, 455, 68, P2, 0x0000000000000000
2026/09/02 01:12:16.653, 134.11, 133.71, 1725, 9501, 0, 0, 798, 455, 68, P2, 0x0000000000000000
2026/09/02 01:12:17.154, 133.63, 133.07, 1725, 9501, 0, 0, 798, 455, 68, P2, 0x0000000000000000
2026/09/02 01:12:17.654, 133.30, 132.90, 1725, 9501, 0, 0, 798, 455, 67, P2, 0x0000000000000000
2026/09/02 01:12:18.154, 132.86, 132.20, 1725, 9501, 0, 0, 798, 455, 67, P2, 0x0000000000000000
2026/09/02 01:12:18.655, 132.33, 131.73, 1725, 9501, 0, 0, 798, 455, 67, P2, 0x0000000000000000
2026/09/02 01:12:19.155, 131.88, 131.42, 1725, 9501, 0, 0, 798, 455, 67, P2, 0x0000000000000000
2026/09/02 01:12:19.655, 131.34, 130.25, 1725, 9501, 0, 0, 798, 455, 67, P2, 0x0000000000000000
2026/09/02 01:12:20.156, 130.73, 130.36, 1725, 9501, 0, 0, 798, 455, 66, P2, 0x0000000000000000
2026/09/02 01:12:20.656, 130.27, 130.13, 1725, 9501, 0, 0, 798, 455, 66, P2, 0x0000000000000000
2026/09/02 01:12:21.156, 130.04, 129.54, 1725, 9501, 0, 0, 798, 455, 66, P2, 0x0000000000000000
2026/09/02 01:12:21.656, 129.85, 129.80, 1725, 9501, 0, 0, 798, 455, 66, P2, 0x0000000000000000
2026/09/02 01:12:22.157, 129.60, 129.53, 1725, 9501, 0, 0, 798, 455, 66, P2, 0x0000000000000000
2026/09/02 01:12:22.657, 129.45, 129.18, 1725, 9501, 0, 0, 798, 455, 66, P2, 0x0000000000000000
2026/09/02 01:12:23.157, 129.31, 128.96, 1725, 9501, 0, 0, 798, 455, 66, P2, 0x0000000000000000
2026/09/02 01:12:23.658, 129.15, 128.81, 1725, 9501, 0, 0, 798, 455, 66, P2, 0x0000000000000000
2026/09/02 01:12:24.158, 128.98, 128.70, 1725, 9501, 0, 0, 798, 455, 66, P2, 0x0000000000000000
2026/09/02 01:12:24.658, 128.85, 128.90, 1725, 9501, 0, 0, 798, 455, 65, P2, 0x0000000000000000
2026/09/02 01:12:25.158, 128.83, 128.59, 1725, 9501, 0, 0, 798, 455, 65, P2, 0x0000000000000000
2026/09/02 01:12:25.658, 128.75, 128.26, 1725, 9501, 0, 0, 798, 455, 65, P2, 0x0000000000000000
2026/09/02 01:12:26.159, 128.49, 128.35, 1725, 9501, 0, 0, 798, 455, 65, P2, 0x0000000000000000
2026/09/02 01:12:26.659, 128.33, 128.62, 1725, 9501, 1, 0, 798, 455, 65, P2, 0x0000000000000000
2026/09/02 01:12:27.159, 128.31, 128.08, 1725, 9501, 1, 0, 798, 455, 65, P2, 0x0000000000000000
2026/09/02 01:12:27.660, 128.31, 128.60, 1725, 9501, 0, 0, 798, 455, 65, P2, 0x0000000000000000
2026/09/02 01:12:28.160, 128.26, 128.11, 1725, 9501, 0, 0, 798, 455, 65, P2, 0x0000000000000000
2026/09/02 01:12:28.660, 128.24, 128.19, 1725, 9501, 0, 0, 798, 455, 65, P2, 0x0000000000000000
2026/09/02 01:12:29.161, 128.11, 128.19, 1725, 9501, 0, 0, 798, 455, 65, P2, 0x0000000000000000
2026/09/02 01:12:29.661, 128.03, 127.85, 1725, 9501, 0, 0, 798, 455, 65, P2, 0x0000000000000000
2026/09/02 01:12:30.161, 127.89, 127.80, 1725, 9501, 0, 0, 798, 455, 65, P2, 0x0000000000000000
2026/09/02 01:12:30.662, 102.36, 48.06, 315, 810, 1, 2, 798, 455, 62, P5, 0x0000000000000001
2026/09/02 01:12:31.162, 65.92, 46.29, 240, 810, 1, 2, 798, 455, 61, P5, 0x0000000000000001
2026/09/02 01:12:31.662, 46.10, 42.24, 210, 405, 0, 2, 798, 455, 61, P8, 0x0000000000000001
2026/09/02 01:12:32.163, 43.43, 42.12, 210, 405, 0, 2, 798, 455, 60, P8, 0x0000000000000001
2026/09/02 01:12:32.663, 42.08, 41.87, 210, 405, 0, 2, 798, 455, 60, P8, 0x0000000000000001
2026/09/02 01:12:33.163, 42.03, 41.84, 210, 405, 0, 2, 798, 455, 60, P8, 0x0000000000000001
2026/09/02 01:12:33.663, 41.95, 41.94, 210, 405, 0, 2, 798, 455, 60, P8, 0x0000000000000001
2026/09/02 01:12:34.164, 41.87, 42.00, 210, 405, 0, 2, 798, 455, 60, P8, 0x0000000000000001
2026/09/02 01:12:34.664, 41.80, 41.77, 210, 405, 2, 3, 798, 455, 60, P8, 0x0000000000000001
2026/09/02 01:12:35.164, 41.70, 41.51, 210, 405, 2, 3, 8844, 455, 59, P8, 0x0000000000000001
2026/09/02 01:12:35.665, 71.29, 155.80, 1965, 9501, 93, 2, 8844, 455, 63, P2, 0x0000000000000004
2026/09/02 01:12:36.165, 132.23, 237.62, 1965, 9501, 93, 2, 10082, 455, 65, P2, 0x0000000000000004
2026/09/02 01:12:36.665, 163.58, 152.77, 1965, 9501, 0, 0, 10086, 455, 64, P2, 0x0000000000000000
2026/09/02 01:12:37.165, 213.88, 350.16, 1830, 9501, 0, 0, 10086, 455, 71, P2, 0x0000000000000004
2026/09/02 01:12:37.665, 296.86, 350.07, 1815, 9501, 90, 93, 10086, 455, 72, P2, 0x0000000000000004
2026/09/02 01:12:38.165, 348.58, 347.82, 1815, 9501, 90, 93, 10086, 455, 72, P2, 0x0000000000000004
2026/09/02 01:12:38.666, 348.44, 350.07, 1785, 9501, 91, 94, 10086, 455, 73, P2, 0x0000000000000004
