2026/08/23 01:55:26.588, 88.09 W
2026/08/23 01:55:27.598, 44.73 W
2026/08/23 01:55:28.607, 42.32 W
2026/08/23 01:55:29.618, 35.78 W
2026/08/23 01:55:30.628, 106.86 W
2026/08/23 01:55:31.640, 132.18 W
2026/08/23 01:55:32.653, 152.03 W
2026/08/23 01:55:33.658, 163.18 W
2026/08/23 01:55:34.669, 146.77 W
2026/08/23 01:55:35.684, 132.49 W
2026/08/23 01:55:36.693, 104.74 W
2026/08/23 01:55:37.704, 50.42 W
2026/08/23 01:55:38.715, 47.22 W
2026/08/23 01:55:39.722, 46.76 W
2026/08/23 01:55:40.729, 159.77 W
2026/08/23 01:55:41.739, 157.13 W
2026/08/23 01:55:42.746, 107.35 W
2026/08/23 01:55:43.758, 77.42 W
2026/08/23 01:55:44.767, 41.90 W
2026/08/23 01:55:45.776, 38.53 W
2026/08/23 01:55:46.788, 35.03 W
2026/08/23 01:55:47.808, 135.17 W
2026/08/23 01:55:48.815, 338.27 W
2026/08/23 01:55:49.825, 301.06 W
2026/08/23 01:55:50.840, 307.50 W
2026/08/23 01:55:51.847, 318.27 W
2026/08/23 01:55:52.860, 315.77 W
2026/08/23 01:55:53.870, 318.83 W
2026/08/23 01:55:54.881, 331.69 W
2026/08/23 01:55:55.891, 325.27 W
2026/08/23 01:55:56.899, 323.55 W
2026/08/23 01:55:57.913, 325.06 W
2026/08/23 01:55:58.922, 332.97 W
2026/08/23 01:55:59.931, 328.97 W
2026/08/23 01:56:00.936, 331.38 W
2026/08/23 01:56:01.949, 321.21 W
2026/08/23 01:56:02.953, 318.05 W
2026/08/23 01:56:03.962, 331.12 W
2026/08/23 01:56:04.971, 330.39 W
2026/08/23 01:56:05.979, 329.21 W
2026/08/23 01:56:06.981, 333.71 W
2026/08/23 01:56:07.987, 329.13 W
2026/08/23 01:56:08.992, 332.66 W
2026/08/23 01:56:10.000, 328.01 W
2026/08/23 01:56:11.010, 329.68 W
2026/08/23 01:56:12.021, 329.27 W
2026/08/23 01:56:13.030, 338.44 W
2026/08/23 01:56:14.047, 329.42 W
2026/08/23 01:56:15.057, 336.01 W
2026/08/23 01:56:16.059, 330.17 W
2026/08/23 01:56:17.075, 329.99 W
2026/08/23 01:56:18.090, 325.57 W
2026/08/23 01:56:19.099, 331.67 W
2026/08/23 01:56:20.107, 332.57 W
2026/08/23 01:56:21.115, 330.92 W
2026/08/23 01:56:22.128, 334.46 W
2026/08/23 01:56:23.137, 328.42 W
2026/08/23 01:56:24.139, 336.92 W
2026/08/23 01:56:25.146, 341.50 W
2026/08/23 01:56:26.156, 322.54 W
2026/08/23 01:56:27.170, 332.37 W
2026/08/23 01:56:28.180, 324.69 W
2026/08/23 01:56:29.191, 328.31 W
2026/08/23 01:56:30.195, 326.83 W
2026/08/23 01:56:31.205, 332.78 W
2026/08/23 01:56:32.219, 337.22 W
2026/08/23 01:56:33.232, 337.18 W
2026/08/23 01:56:34.245, 335.34 W
2026/08/23 01:56:35.251, 328.53 W
2026/08/23 01:56:36.255, 329.64 W
2026/08/23 01:56:37.268, 333.66 W
2026/08/23 01:56:38.277, 331.23 W
2026/08/23 01:56:39.293, 329.19 W
2026/08/23 01:56:40.305, 325.28 W
2026/08/23 01:56:41.309, 334.50 W
2026/08/23 01:56:42.317, 334.39 W
2026/08/23 01:56:43.330, 326.40 W
2026/08/23 01:56:44.338, 326.25 W
2026/08/23 01:56:45.345, 331.65 W
2026/08/23 01:56:46.354, 324.86 W
2026/08/23 01:56:47.365, 329.43 W
2026/08/23 01:56:48.374, 338.62 W
2026/08/23 01:56:49.391, 333.66 W
2026/08/23 01:56:50.401, 334.05 W
2026/08/23 01:56:51.409, 333.28 W
2026/08/23 01:56:52.420, 330.05 W
2026/08/23 01:56:53.429, 329.59 W
2026/08/23 01:56:54.440, 336.05 W
2026/08/23 01:56:55.453, 326.95 W
2026/08/23 01:56:56.461, 333.21 W
2026/08/23 01:56:57.469, 334.20 W
2026/08/23 01:56:58.483, 331.23 W
2026/08/23 01:56:59.495, 334.63 W
2026/08/23 01:57:00.505, 336.92 W
2026/08/23 01:57:01.515, 338.91 W
2026/08/23 01:57:02.526, 338.01 W
2026/08/23 01:57:03.535, 342.24 W
2026/08/23 01:57:04.547, 333.40 W
2026/08/23 01:57:05.551, 336.33 W
2026/08/23 01:57:06.561, 336.17 W
2026/08/23 01:57:07.576, 339.32 W
2026/08/23 01:57:08.588, 339.15 W
2026/08/23 01:57:09.599, 337.63 W
2026/08/23 01:57:10.605, 337.11 W
2026/08/23 01:57:11.609, 340.78 W
2026/08/23 01:57:12.619, 337.33 W
2026/08/23 01:57:13.631, 331.90 W
2026/08/23 01:57:14.646, 337.21 W
2026/08/23 01:57:15.658, 337.19 W
2026/08/23 01:57:16.661, 333.21 W
2026/08/23 01:57:17.672, 337.65 W
2026/08/23 01:57:18.684, 336.74 W
2026/08/23 01:57:19.696, 335.55 W
2026/08/23 01:57:20.700, 333.41 W
2026/08/23 01:57:21.712, 334.07 W
2026/08/23 01:57:22.721, 340.87 W
2026/08/23 01:57:23.728, 336.83 W
2026/08/23 01:57:24.738, 335.50 W
2026/08/23 01:57:25.748, 338.94 W
2026/08/23 01:57:26.752, 336.20 W
2026/08/23 01:57:27.759, 331.84 W
2026/08/23 01:57:28.774, 343.58 W
2026/08/23 01:57:29.788, 343.77 W
2026/08/23 01:57:30.795, 339.76 W
2026/08/23 01:57:31.802, 333.24 W
2026/08/23 01:57:32.819, 338.95 W
2026/08/23 01:57:33.824, 337.50 W
2026/08/23 01:57:34.837, 335.87 W
2026/08/23 01:57:35.848, 335.45 W
2026/08/23 01:57:36.863, 325.67 W
2026/08/23 01:57:37.871, 321.36 W
2026/08/23 01:57:38.883, 324.20 W
2026/08/23 01:57:39.899, 332.20 W
2026/08/23 01:57:40.905, 332.66 W
2026/08/23 01:57:41.908, 317.46 W
2026/08/23 01:57:42.919, 334.30 W
2026/08/23 01:57:43.931, 323.33 W
2026/08/23 01:57:44.941, 330.68 W
2026/08/23 01:57:45.952, 328.67 W
2026/08/23 01:57:46.957, 330.03 W
2026/08/23 01:57:47.963, 313.79 W
2026/08/23 01:57:48.971, 333.32 W
2026/08/23 01:57:49.986, 331.18 W
2026/08/23 01:57:50.998, 325.94 W
2026/08/23 01:57:52.013, 322.61 W
2026/08/23 01:57:53.025, 324.07 W
2026/08/23 01:57:54.039, 335.13 W
2026/08/23 01:57:55.050, 324.37 W
2026/08/23 01:57:56.054, 324.85 W
2026/08/23 01:57:57.069, 322.00 W
2026/08/23 01:57:58.088, 334.06 W
2026/08/23 01:57:59.101, 336.92 W
2026/08/23 01:58:00.106, 327.85 W
2026/08/23 01:58:01.115, 339.04 W
2026/08/23 01:58:02.124, 332.80 W
2026/08/23 01:58:03.133, 335.64 W
2026/08/23 01:58:04.144, 327.98 W
2026/08/23 01:58:05.158, 331.10 W
2026/08/23 01:58:06.165, 329.99 W
2026/08/23 01:58:07.169, 330.97 W
2026/08/23 01:58:08.180, 330.47 W
2026/08/23 01:58:09.187, 333.19 W
2026/08/23 01:58:10.200, 335.52 W
2026/08/23 01:58:11.211, 334.86 W
2026/08/23 01:58:12.220, 327.41 W
2026/08/23 01:58:13.230, 328.95 W
2026/08/23 01:58:14.239, 337.61 W
2026/08/23 01:58:15.247, 326.08 W
2026/08/23 01:58:16.262, 325.56 W
2026/08/23 01:58:17.277, 334.05 W
2026/08/23 01:58:18.284, 337.77 W
2026/08/23 01:58:19.291, 331.36 W
2026/08/23 01:58:20.305, 331.71 W
2026/08/23 01:58:21.313, 344.11 W
2026/08/23 01:58:22.318, 332.58 W
2026/08/23 01:58:23.325, 328.87 W
2026/08/23 01:58:24.336, 331.70 W
2026/08/23 01:58:25.347, 336.60 W
2026/08/23 01:58:26.353, 326.44 W
2026/08/23 01:58:27.365, 317.17 W
2026/08/23 01:58:28.377, 322.81 W
2026/08/23 01:58:29.388, 333.69 W
2026/08/23 01:58:30.395, 336.66 W
2026/08/23 01:58:31.407, 331.47 W
2026/08/23 01:58:32.416, 334.81 W
2026/08/23 01:58:33.424, 340.67 W
2026/08/23 01:58:34.427, 328.88 W
2026/08/23 01:58:35.439, 334.97 W
2026/08/23 01:58:36.452, 324.80 W
2026/08/23 01:58:37.461, 327.58 W
2026/08/23 01:58:38.471, 330.61 W
2026/08/23 01:58:39.485, 334.05 W
2026/08/23 01:58:40.502, 336.36 W
2026/08/23 01:58:41.516, 321.18 W
2026/08/23 01:58:42.527, 308.08 W
2026/08/23 01:58:43.528, 323.91 W
2026/08/23 01:58:44.540, 334.22 W
2026/08/23 01:58:45.555, 316.21 W
2026/08/23 01:58:46.563, 323.37 W
2026/08/23 01:58:47.574, 327.25 W
2026/08/23 01:58:48.578, 320.03 W
2026/08/23 01:58:49.588, 330.90 W
2026/08/23 01:58:50.593, 332.58 W
2026/08/23 01:58:51.608, 327.55 W
2026/08/23 01:58:52.616, 323.50 W
2026/08/23 01:58:53.630, 332.61 W
2026/08/23 01:58:54.642, 322.91 W
2026/08/23 01:58:55.658, 326.54 W
2026/08/23 01:58:56.669, 333.89 W
2026/08/23 01:58:57.683, 330.37 W
2026/08/23 01:58:58.698, 333.93 W
2026/08/23 01:58:59.708, 326.99 W
2026/08/23 01:59:00.722, 332.42 W
2026/08/23 01:59:01.726, 329.75 W
2026/08/23 01:59:02.740, 325.15 W
2026/08/23 01:59:03.750, 336.74 W
2026/08/23 01:59:04.760, 330.50 W
2026/08/23 01:59:05.768, 332.06 W
2026/08/23 01:59:06.780, 326.78 W
2026/08/23 01:59:07.792, 332.98 W
2026/08/23 01:59:08.805, 327.95 W
2026/08/23 01:59:09.816, 341.20 W
2026/08/23 01:59:10.832, 328.94 W
2026/08/23 01:59:11.843, 338.43 W
2026/08/23 01:59:12.846, 337.06 W
2026/08/23 01:59:13.848, 337.88 W
2026/08/23 01:59:14.861, 327.22 W
2026/08/23 01:59:15.872, 330.23 W
2026/08/23 01:59:16.880, 337.84 W
2026/08/23 01:59:17.888, 330.99 W
2026/08/23 01:59:18.902, 318.41 W
2026/08/23 01:59:19.909, 330.02 W
2026/08/23 01:59:20.915, 322.35 W
2026/08/23 01:59:21.926, 333.33 W
2026/08/23 01:59:22.944, 334.60 W
2026/08/23 01:59:23.956, 329.26 W
2026/08/23 01:59:24.966, 326.80 W
2026/08/23 01:59:25.979, 331.57 W
2026/08/23 01:59:26.991, 330.42 W
2026/08/23 01:59:27.998, 332.32 W
2026/08/23 01:59:29.005, 320.92 W
2026/08/23 01:59:30.012, 332.48 W
2026/08/23 01:59:31.021, 336.41 W
2026/08/23 01:59:32.034, 329.77 W
2026/08/23 01:59:33.041, 331.43 W
2026/08/23 01:59:34.046, 320.84 W
2026/08/23 01:59:35.054, 333.91 W
2026/08/23 01:59:36.064, 329.48 W
2026/08/23 01:59:37.067, 338.38 W
2026/08/23 01:59:38.082, 326.16 W
2026/08/23 01:59:39.089, 323.40 W
2026/08/23 01:59:40.103, 330.01 W
2026/08/23 01:59:41.115, 328.51 W
2026/08/23 01:59:42.128, 329.43 W
2026/08/23 01:59:43.139, 329.75 W
2026/08/23 01:59:44.148, 331.37 W
2026/08/23 01:59:45.161, 336.46 W
2026/08/23 01:59:46.173, 330.02 W
2026/08/23 01:59:47.183, 327.92 W
2026/08/23 01:59:48.198, 336.38 W
2026/08/23 01:59:49.214, 337.13 W
2026/08/23 01:59:50.219, 332.73 W
2026/08/23 01:59:51.231, 332.07 W
2026/08/23 01:59:52.239, 328.80 W
2026/08/23 01:59:53.247, 329.66 W
2026/08/23 01:59:54.256, 335.60 W
2026/08/23 01:59:55.264, 334.85 W
2026/08/23 01:59:56.270, 335.50 W
2026/08/23 01:59:57.285, 332.73 W
2026/08/23 01:59:58.298, 336.23 W
2026/08/23 01:59:59.304, 331.10 W
2026/08/23 02:00:00.314, 331.59 W
2026/08/23 02:00:01.329, 328.65 W
2026/08/23 02:00:02.343, 318.12 W
2026/08/23 02:00:03.356, 326.14 W
2026/08/23 02:00:04.368, 328.44 W
2026/08/23 02:00:05.384, 325.90 W
2026/08/23 02:00:06.393, 333.17 W
2026/08/23 02:00:07.402, 322.65 W
2026/08/23 02:00:08.410, 332.27 W
2026/08/23 02:00:09.421, 334.30 W
2026/08/23 02:00:10.429, 329.32 W
2026/08/23 02:00:11.441, 321.57 W
2026/08/23 02:00:12.452, 337.65 W
2026/08/23 02:00:13.463, 338.81 W
2026/08/23 02:00:14.476, 327.74 W
2026/08/23 02:00:15.490, 334.66 W
2026/08/23 02:00:16.502, 331.74 W
2026/08/23 02:00:17.510, 320.88 W
2026/08/23 02:00:18.526, 330.39 W
2026/08/23 02:00:19.542, 336.12 W
2026/08/23 02:00:20.544, 335.78 W
2026/08/23 02:00:21.555, 334.85 W
2026/08/23 02:00:22.562, 334.31 W
2026/08/23 02:00:23.568, 332.01 W
2026/08/23 02:00:24.576, 334.24 W
2026/08/23 02:00:25.589, 329.08 W
2026/08/23 02:00:26.605, 326.39 W
2026/08/23 02:00:27.617, 333.49 W
2026/08/23 02:00:28.631, 331.11 W
2026/08/23 02:00:29.645, 335.32 W
2026/08/23 02:00:30.654, 335.24 W
2026/08/23 02:00:31.669, 336.57 W
2026/08/23 02:00:32.679, 337.90 W
2026/08/23 02:00:33.689, 333.73 W
2026/08/23 02:00:34.698, 335.78 W
2026/08/23 02:00:35.710, 340.00 W
2026/08/23 02:00:36.721, 332.63 W
2026/08/23 02:00:37.727, 325.67 W
2026/08/23 02:00:38.734, 331.39 W
2026/08/23 02:00:39.742, 332.13 W
2026/08/23 02:00:40.754, 329.24 W
2026/08/23 02:00:41.761, 337.04 W
2026/08/23 02:00:42.774, 332.29 W
2026/08/23 02:00:43.787, 332.09 W
2026/08/23 02:00:44.798, 337.19 W
2026/08/23 02:00:45.806, 333.74 W
2026/08/23 02:00:46.817, 334.88 W
2026/08/23 02:00:47.822, 330.18 W
2026/08/23 02:00:48.837, 343.06 W
2026/08/23 02:00:49.846, 343.44 W
2026/08/23 02:00:50.857, 344.80 W
2026/08/23 02:00:51.867, 343.69 W
2026/08/23 02:00:52.877, 344.67 W
2026/08/23 02:00:53.891, 343.79 W
2026/08/23 02:00:54.900, 346.34 W
2026/08/23 02:00:55.906, 342.92 W
2026/08/23 02:00:56.918, 345.71 W
2026/08/23 02:00:57.932, 347.60 W
2026/08/23 02:00:58.941, 347.85 W
2026/08/23 02:00:59.955, 345.21 W
2026/08/23 02:01:00.967, 342.61 W
2026/08/23 02:01:01.976, 344.34 W
2026/08/23 02:01:02.983, 346.32 W
2026/08/23 02:01:03.995, 342.95 W
2026/08/23 02:01:05.009, 345.63 W
2026/08/23 02:01:06.021, 342.81 W
2026/08/23 02:01:07.024, 347.49 W
2026/08/23 02:01:08.036, 342.97 W
2026/08/23 02:01:09.047, 343.46 W
2026/08/23 02:01:10.063, 344.57 W
2026/08/23 02:01:11.073, 345.37 W
2026/08/23 02:01:12.087, 343.02 W
2026/08/23 02:01:13.100, 345.52 W
2026/08/23 02:01:14.113, 344.21 W
2026/08/23 02:01:15.126, 344.86 W
2026/08/23 02:01:16.133, 345.65 W
2026/08/23 02:01:17.149, 343.05 W
2026/08/23 02:01:18.162, 345.27 W
2026/08/23 02:01:19.174, 347.86 W
2026/08/23 02:01:20.189, 346.91 W
2026/08/23 02:01:21.193, 347.24 W
2026/08/23 02:01:22.204, 344.49 W
2026/08/23 02:01:23.212, 344.36 W
2026/08/23 02:01:24.229, 344.42 W
2026/08/23 02:01:25.235, 344.78 W
2026/08/23 02:01:26.248, 345.44 W
2026/08/23 02:01:27.261, 343.46 W
2026/08/23 02:01:28.265, 344.36 W
2026/08/23 02:01:29.270, 342.70 W
2026/08/23 02:01:30.283, 345.54 W
2026/08/23 02:01:31.290, 345.05 W
2026/08/23 02:01:32.306, 345.60 W
2026/08/23 02:01:33.322, 348.07 W
2026/08/23 02:01:34.333, 345.06 W
2026/08/23 02:01:35.339, 345.25 W
2026/08/23 02:01:36.346, 344.04 W
2026/08/23 02:01:37.347, 343.04 W
2026/08/23 02:01:38.359, 345.17 W
2026/08/23 02:01:39.375, 344.98 W
2026/08/23 02:01:40.385, 343.04 W
2026/08/23 02:01:41.398, 345.76 W
2026/08/23 02:01:42.410, 345.84 W
2026/08/23 02:01:43.425, 347.28 W
2026/08/23 02:01:44.434, 344.05 W
2026/08/23 02:01:45.444, 343.59 W
2026/08/23 02:01:46.452, 342.11 W
2026/08/23 02:01:47.464, 336.61 W
2026/08/23 02:01:48.478, 335.02 W
2026/08/23 02:01:49.487, 340.35 W
2026/08/23 02:01:50.499, 321.38 W
2026/08/23 02:01:51.508, 330.36 W
2026/08/23 02:01:52.511, 337.11 W
2026/08/23 02:01:53.525, 328.13 W
2026/08/23 02:01:54.538, 326.41 W
2026/08/23 02:01:55.552, 336.31 W
2026/08/23 02:01:56.564, 332.20 W
2026/08/23 02:01:57.576, 345.39 W
2026/08/23 02:01:58.588, 344.26 W
2026/08/23 02:01:59.599, 344.18 W
2026/08/23 02:02:00.600, 345.62 W
2026/08/23 02:02:01.608, 347.16 W
2026/08/23 02:02:02.617, 345.03 W
2026/08/23 02:02:03.630, 346.92 W
2026/08/23 02:02:04.641, 347.59 W
2026/08/23 02:02:05.651, 346.79 W
2026/08/23 02:02:06.663, 342.48 W
2026/08/23 02:02:07.678, 342.76 W
2026/08/23 02:02:08.692, 343.26 W
2026/08/23 02:02:09.698, 342.85 W
2026/08/23 02:02:10.704, 341.39 W
2026/08/23 02:02:11.717, 342.34 W
2026/08/23 02:02:12.727, 343.44 W
2026/08/23 02:02:13.735, 343.01 W
2026/08/23 02:02:14.746, 344.14 W
2026/08/23 02:02:15.757, 342.74 W
2026/08/23 02:02:16.770, 343.16 W
2026/08/23 02:02:17.785, 342.19 W
2026/08/23 02:02:18.798, 346.94 W
2026/08/23 02:02:19.809, 345.47 W
2026/08/23 02:02:20.821, 346.09 W
2026/08/23 02:02:21.831, 345.53 W
2026/08/23 02:02:22.846, 341.45 W
2026/08/23 02:02:23.847, 345.23 W
2026/08/23 02:02:24.859, 346.22 W
2026/08/23 02:02:25.869, 345.45 W
2026/08/23 02:02:26.879, 348.52 W
2026/08/23 02:02:27.892, 345.96 W
2026/08/23 02:02:28.899, 345.70 W
2026/08/23 02:02:29.909, 345.22 W
2026/08/23 02:02:30.918, 345.23 W
2026/08/23 02:02:31.926, 344.78 W
2026/08/23 02:02:32.935, 345.15 W
2026/08/23 02:02:33.948, 344.78 W
2026/08/23 02:02:34.961, 345.45 W
2026/08/23 02:02:35.967, 342.88 W
2026/08/23 02:02:36.968, 344.46 W
2026/08/23 02:02:37.977, 347.15 W
2026/08/23 02:02:38.991, 346.93 W
2026/08/23 02:02:40.003, 347.90 W
2026/08/23 02:02:41.016, 343.69 W
2026/08/23 02:02:42.026, 332.12 W
2026/08/23 02:02:43.032, 342.62 W
2026/08/23 02:02:44.042, 344.66 W
2026/08/23 02:02:45.053, 341.19 W
2026/08/23 02:02:46.058, 340.21 W
2026/08/23 02:02:47.072, 346.11 W
2026/08/23 02:02:48.081, 344.02 W
2026/08/23 02:02:49.084, 342.88 W
2026/08/23 02:02:50.096, 342.19 W
2026/08/23 02:02:51.105, 345.45 W
2026/08/23 02:02:52.114, 347.17 W
2026/08/23 02:02:53.124, 346.17 W
2026/08/23 02:02:54.132, 344.63 W
2026/08/23 02:02:55.142, 345.40 W
2026/08/23 02:02:56.149, 344.95 W
2026/08/23 02:02:57.153, 345.80 W
2026/08/23 02:02:58.166, 342.83 W
2026/08/23 02:02:59.172, 346.11 W
2026/08/23 02:03:00.179, 343.94 W
2026/08/23 02:03:01.190, 348.39 W
2026/08/23 02:03:02.196, 349.35 W
2026/08/23 02:03:03.210, 346.11 W
2026/08/23 02:03:04.224, 346.32 W
2026/08/23 02:03:05.232, 346.79 W
2026/08/23 02:03:06.242, 343.20 W
2026/08/23 02:03:07.249, 348.01 W
2026/08/23 02:03:08.257, 345.90 W
2026/08/23 02:03:09.269, 345.08 W
2026/08/23 02:03:10.284, 346.22 W
2026/08/23 02:03:11.291, 346.53 W
2026/08/23 02:03:12.302, 348.58 W
2026/08/23 02:03:13.311, 345.28 W
2026/08/23 02:03:14.328, 347.29 W
2026/08/23 02:03:15.337, 346.57 W
2026/08/23 02:03:16.349, 347.41 W
2026/08/23 02:03:17.361, 346.68 W
2026/08/23 02:03:18.371, 346.38 W
2026/08/23 02:03:19.382, 346.36 W
2026/08/23 02:03:20.390, 344.85 W
2026/08/23 02:03:21.400, 343.26 W
2026/08/23 02:03:22.413, 344.13 W
2026/08/23 02:03:23.422, 342.44 W
2026/08/23 02:03:24.430, 344.38 W
2026/08/23 02:03:25.440, 343.83 W
2026/08/23 02:03:26.455, 342.86 W
2026/08/23 02:03:27.466, 341.98 W
2026/08/23 02:03:28.476, 345.58 W
2026/08/23 02:03:29.489, 345.05 W
2026/08/23 02:03:30.498, 347.45 W
2026/08/23 02:03:31.515, 347.18 W
2026/08/23 02:03:32.531, 344.90 W
2026/08/23 02:03:33.539, 347.73 W
2026/08/23 02:03:34.543, 346.64 W
2026/08/23 02:03:35.550, 345.77 W
2026/08/23 02:03:36.561, 346.00 W
2026/08/23 02:03:37.567, 346.31 W
2026/08/23 02:03:38.570, 347.09 W
2026/08/23 02:03:39.577, 348.20 W
2026/08/23 02:03:40.581, 347.25 W
2026/08/23 02:03:41.590, 347.29 W
2026/08/23 02:03:42.601, 347.14 W
2026/08/23 02:03:43.604, 347.78 W
2026/08/23 02:03:44.607, 346.34 W
2026/08/23 02:03:45.611, 343.43 W
2026/08/23 02:03:46.615, 345.93 W
2026/08/23 02:03:47.627, 346.64 W
2026/08/23 02:03:48.631, 348.29 W
2026/08/23 02:03:49.639, 346.69 W
2026/08/23 02:03:50.651, 347.04 W
2026/08/23 02:03:51.660, 347.96 W
2026/08/23 02:03:52.665, 345.77 W
2026/08/23 02:03:53.672, 344.44 W
2026/08/23 02:03:54.676, 340.82 W
2026/08/23 02:03:55.688, 345.04 W
2026/08/23 02:03:56.701, 346.47 W
2026/08/23 02:03:57.709, 341.09 W
2026/08/23 02:03:58.724, 342.81 W
2026/08/23 02:03:59.734, 344.03 W
2026/08/23 02:04:00.745, 343.73 W
2026/08/23 02:04:01.750, 347.30 W
2026/08/23 02:04:02.758, 348.46 W
2026/08/23 02:04:03.764, 347.03 W
2026/08/23 02:04:04.768, 344.75 W
2026/08/23 02:04:05.775, 347.61 W
2026/08/23 02:04:06.787, 346.61 W
2026/08/23 02:04:07.795, 347.86 W
2026/08/23 02:04:08.807, 346.51 W
2026/08/23 02:04:09.815, 343.31 W
2026/08/23 02:04:10.821, 345.14 W
2026/08/23 02:04:11.831, 343.39 W
2026/08/23 02:04:12.841, 342.44 W
2026/08/23 02:04:13.851, 344.71 W
2026/08/23 02:04:14.862, 346.00 W
2026/08/23 02:04:15.863, 346.60 W
2026/08/23 02:04:16.874, 347.76 W
2026/08/23 02:04:17.879, 346.52 W
2026/08/23 02:04:18.889, 347.02 W
2026/08/23 02:04:19.900, 347.30 W
2026/08/23 02:04:20.905, 344.37 W
2026/08/23 02:04:21.917, 346.07 W
2026/08/23 02:04:22.931, 346.16 W
2026/08/23 02:04:23.942, 346.92 W
2026/08/23 02:04:24.950, 347.82 W
2026/08/23 02:04:25.964, 346.19 W
2026/08/23 02:04:26.968, 346.70 W
2026/08/23 02:04:27.978, 342.64 W
2026/08/23 02:04:28.988, 345.07 W
2026/08/23 02:04:30.000, 344.81 W
2026/08/23 02:04:31.005, 343.64 W
2026/08/23 02:04:32.009, 346.46 W
2026/08/23 02:04:33.018, 345.89 W
2026/08/23 02:04:34.029, 347.63 W
2026/08/23 02:04:35.045, 345.39 W
2026/08/23 02:04:36.058, 348.39 W
2026/08/23 02:04:37.064, 341.94 W
2026/08/23 02:04:38.072, 344.07 W
2026/08/23 02:04:39.084, 344.68 W
2026/08/23 02:04:40.100, 345.35 W
2026/08/23 02:04:41.105, 344.82 W
2026/08/23 02:04:42.114, 342.99 W
2026/08/23 02:04:43.128, 346.93 W
2026/08/23 02:04:44.138, 346.57 W
2026/08/23 02:04:45.151, 348.39 W
2026/08/23 02:04:46.164, 346.59 W
2026/08/23 02:04:47.176, 346.83 W
2026/08/23 02:04:48.189, 346.80 W
2026/08/23 02:04:49.205, 348.30 W
2026/08/23 02:04:50.216, 348.43 W
2026/08/23 02:04:51.220, 347.70 W
2026/08/23 02:04:52.232, 345.94 W
2026/08/23 02:04:53.242, 346.07 W
2026/08/23 02:04:54.256, 345.19 W
2026/08/23 02:04:55.263, 345.65 W
2026/08/23 02:04:56.278, 347.39 W
2026/08/23 02:04:57.288, 344.56 W
2026/08/23 02:04:58.302, 343.12 W
2026/08/23 02:04:59.311, 344.06 W
2026/08/23 02:05:00.320, 341.92 W
2026/08/23 02:05:01.333, 344.33 W
2026/08/23 02:05:02.338, 341.98 W
2026/08/23 02:05:03.347, 343.79 W
2026/08/23 02:05:04.354, 344.74 W
2026/08/23 02:05:05.368, 345.49 W
2026/08/23 02:05:06.376, 346.48 W
2026/08/23 02:05:07.386, 349.32 W
2026/08/23 02:05:08.397, 347.07 W
2026/08/23 02:05:09.410, 347.76 W
2026/08/23 02:05:10.422, 348.85 W
2026/08/23 02:05:11.427, 348.24 W
2026/08/23 02:05:12.429, 348.04 W
2026/08/23 02:05:13.438, 347.19 W
2026/08/23 02:05:14.451, 343.47 W
2026/08/23 02:05:15.464, 346.34 W
2026/08/23 02:05:16.477, 347.16 W
2026/08/23 02:05:17.489, 347.01 W
2026/08/23 02:05:18.503, 347.75 W
2026/08/23 02:05:19.513, 346.48 W
2026/08/23 02:05:20.529, 348.53 W
2026/08/23 02:05:21.530, 345.14 W
2026/08/23 02:05:22.538, 347.09 W
2026/08/23 02:05:23.553, 347.04 W
2026/08/23 02:05:24.561, 347.84 W
2026/08/23 02:05:25.569, 345.99 W
2026/08/23 02:05:26.571, 343.12 W
2026/08/23 02:05:27.575, 343.06 W
2026/08/23 02:05:28.590, 345.80 W
2026/08/23 02:05:29.599, 343.72 W
2026/08/23 02:05:30.606, 346.87 W
2026/08/23 02:05:31.612, 346.26 W
2026/08/23 02:05:32.620, 348.93 W
2026/08/23 02:05:33.627, 345.85 W
2026/08/23 02:05:34.643, 343.77 W
2026/08/23 02:05:35.648, 346.02 W
2026/08/23 02:05:36.659, 346.59 W
2026/08/23 02:05:37.673, 345.98 W
2026/08/23 02:05:38.681, 344.92 W
2026/08/23 02:05:39.686, 341.70 W
2026/08/23 02:05:40.697, 342.65 W
2026/08/23 02:05:41.713, 342.27 W
2026/08/23 02:05:42.725, 346.09 W
2026/08/23 02:05:43.727, 346.04 W
2026/08/23 02:05:44.737, 342.71 W
2026/08/23 02:05:45.743, 342.88 W
2026/08/23 02:05:46.751, 346.50 W
2026/08/23 02:05:47.764, 347.23 W
2026/08/23 02:05:48.776, 349.27 W
2026/08/23 02:05:49.782, 346.73 W
2026/08/23 02:05:50.790, 347.35 W
2026/08/23 02:05:51.798, 346.93 W
2026/08/23 02:05:52.808, 345.87 W
2026/08/23 02:05:53.815, 347.34 W
2026/08/23 02:05:54.820, 346.91 W
2026/08/23 02:05:55.832, 346.67 W
2026/08/23 02:05:56.840, 345.18 W
2026/08/23 02:05:57.848, 346.44 W
2026/08/23 02:05:58.854, 346.64 W
2026/08/23 02:05:59.860, 343.72 W
2026/08/23 02:06:00.865, 343.33 W
2026/08/23 02:06:01.876, 346.46 W
2026/08/23 02:06:02.884, 346.34 W
2026/08/23 02:06:03.893, 345.66 W
2026/08/23 02:06:04.899, 345.56 W
2026/08/23 02:06:05.915, 347.70 W
2026/08/23 02:06:06.930, 348.54 W
2026/08/23 02:06:07.947, 345.22 W
2026/08/23 02:06:08.949, 348.09 W
2026/08/23 02:06:09.963, 346.53 W
2026/08/23 02:06:10.971, 346.30 W
2026/08/23 02:06:11.980, 343.84 W
2026/08/23 02:06:12.988, 347.72 W
2026/08/23 02:06:14.000, 344.03 W
2026/08/23 02:06:15.011, 345.04 W
2026/08/23 02:06:16.027, 345.87 W
2026/08/23 02:06:17.034, 345.13 W
2026/08/23 02:06:18.047, 347.14 W
2026/08/23 02:06:19.057, 347.04 W
2026/08/23 02:06:20.067, 345.29 W
2026/08/23 02:06:21.082, 346.89 W
2026/08/23 02:06:22.092, 347.98 W
2026/08/23 02:06:23.106, 346.16 W
2026/08/23 02:06:24.121, 347.59 W
2026/08/23 02:06:25.129, 346.22 W
2026/08/23 02:06:26.138, 347.69 W
2026/08/23 02:06:27.149, 346.37 W
2026/08/23 02:06:28.159, 346.71 W
2026/08/23 02:06:29.165, 348.36 W
2026/08/23 02:06:30.171, 346.41 W
2026/08/23 02:06:31.183, 346.20 W
2026/08/23 02:06:32.192, 343.47 W
2026/08/23 02:06:33.211, 342.78 W
2026/08/23 02:06:34.224, 345.08 W
2026/08/23 02:06:35.236, 346.95 W
2026/08/23 02:06:36.240, 344.64 W
2026/08/23 02:06:37.246, 342.45 W
2026/08/23 02:06:38.249, 346.46 W
2026/08/23 02:06:39.256, 341.81 W
2026/08/23 02:06:40.259, 341.42 W
2026/08/23 02:06:41.268, 346.99 W
2026/08/23 02:06:42.282, 348.78 W
2026/08/23 02:06:43.296, 344.36 W
2026/08/23 02:06:44.313, 347.10 W
2026/08/23 02:06:45.314, 345.73 W
2026/08/23 02:06:46.322, 348.93 W
2026/08/23 02:06:47.328, 346.27 W
2026/08/23 02:06:48.338, 346.86 W
2026/08/23 02:06:49.353, 347.59 W
2026/08/23 02:06:50.363, 348.41 W
2026/08/23 02:06:51.372, 346.37 W
2026/08/23 02:06:52.383, 344.13 W
2026/08/23 02:06:53.398, 348.95 W
2026/08/23 02:06:54.410, 344.81 W
2026/08/23 02:06:55.420, 346.70 W
2026/08/23 02:06:56.431, 345.81 W
2026/08/23 02:06:57.441, 347.45 W
2026/08/23 02:06:58.454, 346.68 W
2026/08/23 02:06:59.463, 345.96 W
2026/08/23 02:07:00.473, 346.92 W
2026/08/23 02:07:01.482, 344.66 W
2026/08/23 02:07:02.496, 347.07 W
2026/08/23 02:07:03.509, 347.74 W
2026/08/23 02:07:04.522, 345.18 W
2026/08/23 02:07:05.536, 345.44 W
2026/08/23 02:07:06.548, 343.26 W
2026/08/23 02:07:07.551, 347.39 W
2026/08/23 02:07:08.567, 347.56 W
2026/08/23 02:07:09.580, 343.51 W
2026/08/23 02:07:10.591, 346.93 W
2026/08/23 02:07:11.603, 345.46 W
2026/08/23 02:07:12.616, 347.42 W
2026/08/23 02:07:13.630, 346.88 W
2026/08/23 02:07:14.642, 345.30 W
2026/08/23 02:07:15.653, 348.25 W
2026/08/23 02:07:16.668, 347.19 W
2026/08/23 02:07:17.681, 345.78 W
2026/08/23 02:07:18.690, 347.41 W
2026/08/23 02:07:19.692, 346.50 W
2026/08/23 02:07:20.700, 346.18 W
2026/08/23 02:07:21.709, 347.32 W
2026/08/23 02:07:22.723, 345.16 W
2026/08/23 02:07:23.736, 348.32 W
2026/08/23 02:07:24.741, 346.57 W
2026/08/23 02:07:25.747, 347.74 W
2026/08/23 02:07:26.761, 345.68 W
2026/08/23 02:07:27.773, 346.53 W
2026/08/23 02:07:28.787, 345.50 W
2026/08/23 02:07:29.796, 345.76 W
2026/08/23 02:07:30.809, 343.93 W
2026/08/23 02:07:31.812, 345.21 W
2026/08/23 02:07:32.824, 345.90 W
2026/08/23 02:07:33.828, 341.88 W
2026/08/23 02:07:34.843, 344.73 W
2026/08/23 02:07:35.847, 343.72 W
2026/08/23 02:07:36.854, 346.52 W
2026/08/23 02:07:37.865, 347.45 W
2026/08/23 02:07:38.873, 347.48 W
2026/08/23 02:07:39.885, 345.84 W
2026/08/23 02:07:40.899, 345.80 W
2026/08/23 02:07:41.912, 345.57 W
2026/08/23 02:07:42.926, 344.74 W
2026/08/23 02:07:43.936, 346.42 W
2026/08/23 02:07:44.950, 346.85 W
2026/08/23 02:07:45.960, 346.88 W
2026/08/23 02:07:46.970, 343.45 W
2026/08/23 02:07:47.982, 344.66 W
2026/08/23 02:07:48.995, 347.24 W
2026/08/23 02:07:50.006, 346.18 W
2026/08/23 02:07:51.016, 346.36 W
2026/08/23 02:07:52.018, 347.23 W
2026/08/23 02:07:53.030, 347.93 W
2026/08/23 02:07:54.041, 346.82 W
2026/08/23 02:07:55.057, 347.16 W
2026/08/23 02:07:56.066, 347.23 W
2026/08/23 02:07:57.074, 345.73 W
2026/08/23 02:07:58.083, 347.57 W
2026/08/23 02:07:59.092, 348.05 W
2026/08/23 02:08:00.099, 346.47 W
2026/08/23 02:08:01.108, 346.76 W
2026/08/23 02:08:02.119, 347.83 W
2026/08/23 02:08:03.130, 347.18 W
2026/08/23 02:08:04.139, 344.88 W
2026/08/23 02:08:05.148, 348.00 W
2026/08/23 02:08:06.157, 346.57 W
2026/08/23 02:08:07.166, 346.59 W
2026/08/23 02:08:08.169, 346.02 W
2026/08/23 02:08:09.181, 346.22 W
2026/08/23 02:08:10.190, 346.77 W
2026/08/23 02:08:11.201, 347.94 W
2026/08/23 02:08:12.217, 348.41 W
2026/08/23 02:08:13.219, 347.88 W
2026/08/23 02:08:14.223, 348.57 W
2026/08/23 02:08:15.230, 346.50 W
2026/08/23 02:08:16.241, 343.93 W
2026/08/23 02:08:17.251, 342.69 W
2026/08/23 02:08:18.256, 345.73 W
2026/08/23 02:08:19.260, 345.83 W
2026/08/23 02:08:20.273, 343.60 W
2026/08/23 02:08:21.286, 343.26 W
2026/08/23 02:08:22.299, 343.95 W
2026/08/23 02:08:23.309, 344.83 W
2026/08/23 02:08:24.316, 346.27 W
2026/08/23 02:08:25.332, 343.59 W
2026/08/23 02:08:26.343, 347.77 W
2026/08/23 02:08:27.350, 344.26 W
2026/08/23 02:08:28.355, 342.05 W
2026/08/23 02:08:29.368, 346.91 W
2026/08/23 02:08:30.378, 345.29 W
2026/08/23 02:08:31.388, 348.97 W
2026/08/23 02:08:32.397, 346.43 W
2026/08/23 02:08:33.398, 349.92 W
2026/08/23 02:08:34.414, 347.35 W
2026/08/23 02:08:35.424, 346.64 W
2026/08/23 02:08:36.432, 346.52 W
2026/08/23 02:08:37.443, 346.28 W
2026/08/23 02:08:38.457, 347.66 W
2026/08/23 02:08:39.462, 345.27 W
2026/08/23 02:08:40.473, 345.03 W
2026/08/23 02:08:41.480, 347.19 W
2026/08/23 02:08:42.487, 345.17 W
2026/08/23 02:08:43.502, 346.28 W
2026/08/23 02:08:44.511, 347.29 W
2026/08/23 02:08:45.522, 347.41 W
2026/08/23 02:08:46.531, 346.14 W
2026/08/23 02:08:47.541, 345.17 W
2026/08/23 02:08:48.544, 345.09 W
2026/08/23 02:08:49.554, 342.90 W
2026/08/23 02:08:50.564, 345.24 W
2026/08/23 02:08:51.578, 348.04 W
2026/08/23 02:08:52.587, 346.36 W
2026/08/23 02:08:53.592, 347.22 W
2026/08/23 02:08:54.593, 347.17 W
2026/08/23 02:08:55.595, 345.19 W
2026/08/23 02:08:56.602, 344.57 W
2026/08/23 02:08:57.612, 344.68 W
2026/08/23 02:08:58.621, 346.09 W
2026/08/23 02:08:59.630, 348.12 W
2026/08/23 02:09:00.637, 349.84 W
2026/08/23 02:09:01.650, 346.59 W
2026/08/23 02:09:02.656, 345.69 W
2026/08/23 02:09:03.667, 347.90 W
2026/08/23 02:09:04.680, 345.59 W
2026/08/23 02:09:05.688, 342.41 W
2026/08/23 02:09:06.700, 347.45 W
2026/08/23 02:09:07.707, 345.71 W
2026/08/23 02:09:08.717, 347.38 W
2026/08/23 02:09:09.726, 347.21 W
2026/08/23 02:09:10.728, 346.61 W
2026/08/23 02:09:11.741, 344.82 W
2026/08/23 02:09:12.756, 347.39 W
2026/08/23 02:09:13.763, 345.91 W
2026/08/23 02:09:14.770, 347.31 W
2026/08/23 02:09:15.779, 347.22 W
2026/08/23 02:09:16.783, 347.17 W
2026/08/23 02:09:17.797, 344.81 W
2026/08/23 02:09:18.802, 345.57 W
2026/08/23 02:09:19.808, 343.50 W
2026/08/23 02:09:20.813, 344.22 W
2026/08/23 02:09:21.825, 346.59 W
2026/08/23 02:09:22.831, 344.24 W
2026/08/23 02:09:23.841, 342.87 W
2026/08/23 02:09:24.852, 342.38 W
2026/08/23 02:09:25.860, 345.56 W
2026/08/23 02:09:26.871, 345.53 W
2026/08/23 02:09:27.878, 345.84 W
2026/08/23 02:09:28.887, 343.17 W
2026/08/23 02:09:29.903, 343.96 W
2026/08/23 02:09:30.908, 346.86 W
2026/08/23 02:09:31.915, 346.65 W
2026/08/23 02:09:32.927, 344.07 W
2026/08/23 02:09:33.936, 345.09 W
2026/08/23 02:09:34.943, 348.74 W
2026/08/23 02:09:35.951, 346.81 W
2026/08/23 02:09:36.965, 346.48 W
2026/08/23 02:09:37.970, 344.57 W
2026/08/23 02:09:38.984, 344.29 W
2026/08/23 02:09:39.986, 341.83 W
2026/08/23 02:09:40.990, 346.09 W
2026/08/23 02:09:42.002, 341.57 W
2026/08/23 02:09:43.013, 343.75 W
2026/08/23 02:09:44.022, 342.80 W
2026/08/23 02:09:45.028, 346.00 W
2026/08/23 02:09:46.037, 344.97 W
2026/08/23 02:09:47.042, 346.47 W
2026/08/23 02:09:48.051, 347.05 W
2026/08/23 02:09:49.060, 346.35 W
2026/08/23 02:09:50.074, 347.36 W
2026/08/23 02:09:51.090, 346.42 W
2026/08/23 02:09:52.103, 348.96 W
2026/08/23 02:09:53.115, 347.48 W
2026/08/23 02:09:54.117, 348.16 W
2026/08/23 02:09:55.130, 346.98 W
2026/08/23 02:09:56.140, 347.50 W
2026/08/23 02:09:57.151, 343.95 W
2026/08/23 02:09:58.153, 341.72 W
2026/08/23 02:09:59.163, 344.83 W
2026/08/23 02:10:00.173, 343.80 W
2026/08/23 02:10:01.179, 342.74 W
2026/08/23 02:10:02.181, 343.73 W
2026/08/23 02:10:03.190, 346.85 W
2026/08/23 02:10:04.202, 346.73 W
2026/08/23 02:10:05.209, 346.64 W
2026/08/23 02:10:06.221, 345.11 W
2026/08/23 02:10:07.231, 345.11 W
2026/08/23 02:10:08.241, 344.09 W
2026/08/23 02:10:09.254, 341.88 W
2026/08/23 02:10:10.264, 345.55 W
2026/08/23 02:10:11.273, 346.88 W
2026/08/23 02:10:12.286, 346.10 W
2026/08/23 02:10:13.300, 347.56 W
2026/08/23 02:10:14.308, 343.96 W
2026/08/23 02:10:15.322, 341.27 W
2026/08/23 02:10:16.333, 344.97 W
2026/08/23 02:10:17.344, 342.54 W
2026/08/23 02:10:18.353, 348.72 W
2026/08/23 02:10:19.361, 345.27 W
2026/08/23 02:10:20.369, 345.41 W
2026/08/23 02:10:21.378, 345.40 W
2026/08/23 02:10:22.389, 348.34 W
2026/08/23 02:10:23.402, 348.44 W
2026/08/23 02:10:24.414, 347.20 W
2026/08/23 02:10:25.417, 346.64 W
2026/08/23 02:10:26.426, 346.77 W
2026/08/23 02:10:27.428, 345.27 W
2026/08/23 02:10:28.441, 348.67 W
2026/08/23 02:10:29.449, 347.66 W
2026/08/23 02:10:30.457, 349.27 W
2026/08/23 02:10:31.460, 347.40 W
2026/08/23 02:10:32.471, 346.65 W
2026/08/23 02:10:33.479, 346.59 W
2026/08/23 02:10:34.495, 347.73 W
2026/08/23 02:10:35.509, 348.24 W
2026/08/23 02:10:36.519, 348.62 W
2026/08/23 02:10:37.530, 349.01 W
2026/08/23 02:10:38.539, 347.75 W
2026/08/23 02:10:39.553, 348.08 W
2026/08/23 02:10:40.555, 348.61 W
2026/08/23 02:10:41.558, 346.54 W
2026/08/23 02:10:42.571, 348.11 W
2026/08/23 02:10:43.579, 348.41 W
2026/08/23 02:10:44.593, 347.07 W
2026/08/23 02:10:45.607, 347.99 W
2026/08/23 02:10:46.621, 346.74 W
2026/08/23 02:10:47.636, 348.59 W
2026/08/23 02:10:48.650, 349.18 W
2026/08/23 02:10:49.657, 348.58 W
2026/08/23 02:10:50.664, 348.35 W
2026/08/23 02:10:51.666, 346.11 W
2026/08/23 02:10:52.674, 349.05 W
2026/08/23 02:10:53.690, 348.57 W
2026/08/23 02:10:54.703, 347.79 W
2026/08/23 02:10:55.712, 349.12 W
2026/08/23 02:10:56.722, 348.77 W
2026/08/23 02:10:57.737, 349.30 W
2026/08/23 02:10:58.744, 348.67 W
2026/08/23 02:10:59.758, 347.55 W
2026/08/23 02:11:00.769, 347.10 W
2026/08/23 02:11:01.781, 348.22 W
2026/08/23 02:11:02.795, 348.26 W
2026/08/23 02:11:03.804, 348.56 W
2026/08/23 02:11:04.820, 347.57 W
2026/08/23 02:11:05.836, 347.99 W
2026/08/23 02:11:06.848, 347.80 W
2026/08/23 02:11:07.860, 347.24 W
2026/08/23 02:11:08.872, 347.58 W
2026/08/23 02:11:09.882, 348.56 W
2026/08/23 02:11:10.899, 348.42 W
2026/08/23 02:11:11.905, 347.43 W
2026/08/23 02:11:12.912, 346.62 W
2026/08/23 02:11:13.921, 348.62 W
2026/08/23 02:11:14.933, 348.74 W
2026/08/23 02:11:15.949, 349.47 W
2026/08/23 02:11:16.956, 345.51 W
2026/08/23 02:11:17.962, 349.36 W
2026/08/23 02:11:18.976, 349.15 W
2026/08/23 02:11:19.990, 348.51 W
2026/08/23 02:11:21.000, 348.92 W
2026/08/23 02:11:22.009, 348.93 W
2026/08/23 02:11:23.018, 348.49 W
2026/08/23 02:11:24.023, 347.25 W
2026/08/23 02:11:25.033, 347.36 W
2026/08/23 02:11:26.034, 348.12 W
2026/08/23 02:11:27.046, 348.62 W
2026/08/23 02:11:28.054, 348.40 W
2026/08/23 02:11:29.062, 348.50 W
2026/08/23 02:11:30.063, 347.54 W
2026/08/23 02:11:31.077, 348.09 W
2026/08/23 02:11:32.087, 348.73 W
2026/08/23 02:11:33.103, 349.38 W
2026/08/23 02:11:34.110, 347.93 W
2026/08/23 02:11:35.116, 349.23 W
2026/08/23 02:11:36.126, 349.08 W
2026/08/23 02:11:37.139, 347.40 W
2026/08/23 02:11:38.153, 348.45 W
2026/08/23 02:11:39.161, 347.84 W
2026/08/23 02:11:40.176, 348.70 W
2026/08/23 02:11:41.186, 348.85 W
2026/08/23 02:11:42.188, 348.99 W
2026/08/23 02:11:43.202, 345.93 W
2026/08/23 02:11:44.215, 348.27 W
2026/08/23 02:11:45.223, 349.27 W
2026/08/23 02:11:46.224, 348.47 W
2026/08/23 02:11:47.229, 347.18 W
2026/08/23 02:11:48.233, 348.72 W
2026/08/23 02:11:49.245, 348.07 W
2026/08/23 02:11:50.251, 348.56 W
2026/08/23 02:11:51.263, 348.67 W
2026/08/23 02:11:52.277, 347.84 W
2026/08/23 02:11:53.291, 347.62 W
2026/08/23 02:11:54.304, 348.84 W
2026/08/23 02:11:55.310, 349.08 W
2026/08/23 02:11:56.322, 349.37 W
2026/08/23 02:11:57.330, 349.12 W
2026/08/23 02:11:58.343, 348.44 W
2026/08/23 02:11:59.354, 346.63 W
2026/08/23 02:12:00.367, 348.48 W
2026/08/23 02:12:01.375, 349.17 W
2026/08/23 02:12:02.388, 347.59 W
2026/08/23 02:12:03.400, 347.66 W
2026/08/23 02:12:04.410, 348.34 W
2026/08/23 02:12:05.421, 348.45 W
2026/08/23 02:12:06.422, 348.73 W
2026/08/23 02:12:07.429, 348.99 W
2026/08/23 02:12:08.434, 348.20 W
2026/08/23 02:12:09.444, 347.93 W
2026/08/23 02:12:10.456, 347.60 W
2026/08/23 02:12:11.457, 348.10 W
2026/08/23 02:12:12.475, 347.54 W
2026/08/23 02:12:13.479, 347.72 W
2026/08/23 02:12:14.484, 348.07 W
2026/08/23 02:12:15.500, 347.64 W
2026/08/23 02:12:16.511, 348.42 W
2026/08/23 02:12:17.522, 348.66 W
2026/08/23 02:12:18.535, 347.88 W
2026/08/23 02:12:19.544, 349.37 W
2026/08/23 02:12:20.554, 347.57 W
2026/08/23 02:12:21.561, 348.70 W
2026/08/23 02:12:22.563, 348.03 W
2026/08/23 02:12:23.571, 348.97 W
2026/08/23 02:12:24.580, 348.64 W
2026/08/23 02:12:25.583, 348.19 W
2026/08/23 02:12:26.595, 348.34 W
2026/08/23 02:12:27.610, 347.40 W
2026/08/23 02:12:28.622, 346.97 W
2026/08/23 02:12:29.631, 348.45 W
2026/08/23 02:12:30.638, 347.85 W
2026/08/23 02:12:31.653, 348.76 W
2026/08/23 02:12:32.667, 348.31 W
2026/08/23 02:12:33.678, 348.21 W
2026/08/23 02:12:34.692, 346.27 W
2026/08/23 02:12:35.698, 347.73 W
2026/08/23 02:12:36.702, 348.34 W
2026/08/23 02:12:37.711, 348.69 W
2026/08/23 02:12:38.721, 348.53 W
2026/08/23 02:12:39.722, 347.84 W
2026/08/23 02:12:40.733, 346.65 W
2026/08/23 02:12:41.739, 347.15 W
2026/08/23 02:12:42.746, 346.77 W
2026/08/23 02:12:43.762, 349.03 W
2026/08/23 02:12:44.773, 347.50 W
2026/08/23 02:12:45.787, 348.17 W
2026/08/23 02:12:46.801, 348.65 W
2026/08/23 02:12:47.803, 346.97 W
2026/08/23 02:12:48.810, 348.19 W
2026/08/23 02:12:49.821, 348.30 W
2026/08/23 02:12:50.835, 348.22 W
2026/08/23 02:12:51.849, 348.87 W
2026/08/23 02:12:52.851, 346.65 W
2026/08/23 02:12:53.864, 346.86 W
2026/08/23 02:12:54.877, 347.65 W
2026/08/23 02:12:55.891, 348.33 W
2026/08/23 02:12:56.907, 348.76 W
2026/08/23 02:12:57.923, 348.35 W
2026/08/23 02:12:58.937, 348.95 W
2026/08/23 02:12:59.946, 347.90 W
2026/08/23 02:13:00.962, 348.08 W
2026/08/23 02:13:01.977, 346.44 W
2026/08/23 02:13:02.989, 349.63 W
2026/08/23 02:13:04.004, 348.89 W
2026/08/23 02:13:05.020, 349.23 W
2026/08/23 02:13:06.022, 348.69 W
2026/08/23 02:13:07.033, 348.02 W
2026/08/23 02:13:08.046, 349.09 W
2026/08/23 02:13:09.057, 348.64 W
2026/08/23 02:13:10.071, 349.23 W
2026/08/23 02:13:11.082, 348.22 W
2026/08/23 02:13:12.089, 347.90 W
2026/08/23 02:13:13.103, 348.83 W
2026/08/23 02:13:14.117, 348.69 W
2026/08/23 02:13:15.124, 348.26 W
2026/08/23 02:13:16.139, 345.62 W
2026/08/23 02:13:17.150, 348.25 W
2026/08/23 02:13:18.162, 347.53 W
2026/08/23 02:13:19.173, 348.52 W
2026/08/23 02:13:20.179, 346.35 W
2026/08/23 02:13:21.194, 347.52 W
2026/08/23 02:13:22.210, 347.96 W
2026/08/23 02:13:23.223, 346.11 W
2026/08/23 02:13:24.236, 347.22 W
2026/08/23 02:13:25.240, 345.21 W
2026/08/23 02:13:26.253, 348.99 W
2026/08/23 02:13:27.267, 348.36 W
2026/08/23 02:13:28.281, 348.91 W
2026/08/23 02:13:29.291, 347.75 W
2026/08/23 02:13:30.305, 348.39 W
2026/08/23 02:13:31.317, 349.17 W
2026/08/23 02:13:32.318, 349.52 W
2026/08/23 02:13:33.322, 347.69 W
2026/08/23 02:13:34.325, 349.01 W
2026/08/23 02:13:35.337, 348.68 W
2026/08/23 02:13:36.348, 348.85 W
2026/08/23 02:13:37.363, 348.09 W
2026/08/23 02:13:38.373, 346.95 W
2026/08/23 02:13:39.381, 348.28 W
2026/08/23 02:13:40.395, 345.80 W
2026/08/23 02:13:41.397, 349.06 W
2026/08/23 02:13:42.410, 348.29 W
2026/08/23 02:13:43.419, 348.79 W
2026/08/23 02:13:44.450, 347.51 W
2026/08/23 02:13:45.460, 347.50 W
2026/08/23 02:13:46.470, 347.92 W
2026/08/23 02:13:47.481, 348.49 W
2026/08/23 02:13:48.484, 348.31 W
2026/08/23 02:13:49.491, 346.76 W
2026/08/23 02:13:50.494, 346.93 W
2026/08/23 02:13:51.496, 349.54 W
2026/08/23 02:13:52.510, 349.24 W
2026/08/23 02:13:53.524, 349.40 W
2026/08/23 02:13:54.535, 348.71 W
2026/08/23 02:13:55.550, 348.32 W
2026/08/23 02:13:56.562, 347.80 W
2026/08/23 02:13:57.577, 348.38 W
2026/08/23 02:13:58.592, 348.04 W
2026/08/23 02:13:59.606, 348.74 W
2026/08/23 02:14:00.621, 348.99 W
2026/08/23 02:14:01.637, 347.56 W
2026/08/23 02:14:02.646, 348.35 W
2026/08/23 02:14:03.648, 347.41 W
2026/08/23 02:14:04.661, 346.77 W
2026/08/23 02:14:05.677, 348.84 W
2026/08/23 02:14:06.690, 349.07 W
2026/08/23 02:14:07.698, 347.28 W
2026/08/23 02:14:08.709, 349.34 W
2026/08/23 02:14:09.711, 348.23 W
2026/08/23 02:14:10.718, 348.05 W
2026/08/23 02:14:11.733, 290.33 W
2026/08/23 02:14:12.736, 168.16 W
2026/08/23 02:14:13.750, 143.44 W
2026/08/23 02:14:14.775, 62.07 W
2026/08/23 02:14:15.781, 44.89 W
2026/08/23 02:14:16.792, 37.38 W
